Ticker,EPS Estimate,EPS Actual,GICS_SECTOR_NAME,,
1 HK Equity,8.246,8.55,Industrials,,
1038 HK Equity,4.201,3.82,Utilities,,
11 HK Equity,8.538333333,8.3,Financials,,
1128 HK Equity,0.36047619,0.28,Consumer Discretionary,,
1299 HK Equity,0.317142857,0.3478,Financials,,
142 HK Equity,0.072,0.0242,Financials,,
1605 JT Equity,20.984,11.49,Energy,,
1801 JT Equity,288.7700043,329.25,Industrials,,
1802 JT Equity,84.53,88.36,Industrials,,
1803 JT Equity,73.33,75.61,Industrials,,
1812 JT Equity,67.79,69.66,Industrials,,
1928 HK Equity,0.164,0.1517,Consumer Discretionary,,
1928 JT Equity,142.3507143,120.16,Consumer Discretionary,,
1963 JT Equity,189.3863636,169.6,Industrials,,
1COV GY Equity,3.689166667,3.93,Materials,,
2 HK Equity,4.778,5.03,Utilities,,
2002 JT Equity,60.26666667,58.25,Consumer Staples,,
2121 JT Equity,708.5185714,734.59,Information Technology,,
2181 JT Equity,73.88857143,75.76,Industrials,,
2212 JT Equity,83.49,82.82,Consumer Staples,,
2229 JT Equity,122.1855556,125.88,Consumer Staples,,
2267 JT Equity,183.4833333,174.54,Consumer Staples,,
2269 JT Equity,393.8845455,425.06,Consumer Staples,,
2282 HK Equity,0.734347826,0.8,Consumer Discretionary,,
2282 JT Equity,132.555,106.92,Consumer Staples,,
23 HK Equity,1.342,1.21,Financials,,
2331 JT Equity,177.18625,177.77,Industrials,,
2371 JT Equity,59.10357143,59.59,Information Technology,,
2388 HK Equity,5.025555556,5.2496,Financials,,
2413 JT Equity,38.61,38.66,Health Care,,
2432 JT Equity,89.08769231,78.76,Information Technology,,
2433 JT Equity,62.1925,76.56,Consumer Discretionary,,
2502 JT Equity,188.5142857,194.75,Consumer Staples,,
2503 JT Equity,106.0266667,129.49,Consumer Staples,,
2579 JT Equity,111.38,48.05,Consumer Staples,,
2587 JT Equity,136.1909091,149.05,Consumer Staples,,
2638 HK Equity,0.381428571,0.4073,Utilities,,
2651 JT Equity,366.2792857,313.81,Consumer Staples,,
2670 JT Equity,320.546,331.17,Consumer Discretionary,,
27 HK Equity,1.364230769,1.473,Consumer Discretionary,,
2702 JT Equity,24.87,40.37,Consumer Discretionary,,
2784 JT Equity,136.6333333,158.99,Health Care,,
2801 JT Equity,104.2828571,102.67,Consumer Staples,,
2802 JT Equity,105.55,121.23,Consumer Staples,,
2875 JT Equity,181.455,179.81,Consumer Staples,,
288 HK Equity,0.0635,0.0758,Consumer Staples,,
2897 JT Equity,234.4942857,245.52,Consumer Staples,,
2914 JT Equity,234.9358824,235.47,Consumer Staples,,
3 HK Equity,0.554285726,0.524545455,Utilities,,
3086 JT Equity,100.08,100.42,Consumer Discretionary,,
3092 JT Equity,36.42625,37.46,Consumer Discretionary,,
3099 JT Equity,69.988,67.41,Consumer Discretionary,,
3291 JT Equity,157.644,225.1,Consumer Discretionary,,
3382 JT Equity,207.6966667,182.02,Consumer Staples,,
3391 JT Equity,415.7788889,405.73,Consumer Staples,,
3401 JT Equity,192.3675029,158.15,Materials,,
3402 JT Equity,56.02692308,56.38,Materials,,
3405 JT Equity,113.431,114.98,Materials,,
3407 JT Equity,65.86909091,65.69,Materials,,
3436 JT Equity,20.59823529,22.46,Information Technology,,
3659 JT Equity,63.42428571,46.26,Information Technology,,
3861 JT Equity,25.18555556,12.86,Materials,,
388 HK Equity,5.016153846,4.76,Financials,,
3938 JT Equity,39.063,34.84,Information Technology,,
4005 JT Equity,51.65461538,49.84,Materials,,
4021 JT Equity,144.642,143.37,Materials,,
4042 JT Equity,132.7288889,125.22,Materials,,
4063 JT Equity,336.6393333,349.46,Materials,,
4088 JT Equity,110.4566667,102.73,Materials,,
4091 JT Equity,63.6025,67.08,Materials,,
4118 JT Equity,63.17142857,62.98,Materials,,
4151 JT Equity,35.65666667,34.12,Health Care,,
4182 JT Equity,138.46,153.84,Materials,,
4183 JT Equity,170.5376948,114.75,Materials,,
4185 JT Equity,118.7242857,105.87,Materials,,
4188 JT Equity,18.666,35.06,Materials,,
4202 JT Equity,117.0411111,115.02,Materials,,
4204 JT Equity,114.2828571,115.08,Consumer Discretionary,,
4217 JT Equity,171.7716667,184.95,Materials,,
425 HK Equity,1.4875,1.536,Consumer Discretionary,,
4307 JT Equity,164.5400036,171.4272727,Information Technology,,
4324 JT Equity,290.631,292.85,Consumer Discretionary,,
4452 JT Equity,243.8370588,253.43,Consumer Staples,,
4502 JT Equity,95.66714286,102.26,Health Care,,
4503 JT Equity,84.205,89.75,Health Care,,
4506 JT Equity,54.56,62.16,Health Care,,
4507 JT Equity,200.2975,204.83,Health Care,,
4508 JT Equity,94.26142857,105.72,Health Care,,
4519 JT Equity,97.19384615,98.12,Health Care,,
4523 JT Equity,151.865,192.23,Health Care,,
4528 JT Equity,42.22,47.13,Health Care,,
4530 JT Equity,229.13,208.81,Health Care,,
4536 JT Equity,132.3314286,128.99,Health Care,,
4543 JT Equity,137.285,135.14,Health Care,,
4568 JT Equity,116.7511111,119.37,Health Care,,
4578 JT Equity,158.0225,170.82,Health Care,,
4581 JT Equity,276.892,277.75,Health Care,,
4612 JT Equity,97.84333333,93.61,Materials,,
4613 JT Equity,95.79333333,106.41,Materials,,
4661 JT Equity,220.575625,221.26,Consumer Discretionary,,
4666 JT Equity,96.23625,95.75,Industrials,,
4684 JT Equity,262.7957143,259.41,Information Technology,,
4689 JT Equity,30.14666667,30.15,Information Technology,,
4704 JT Equity,146.67,179.63,Information Technology,,
4732 JT Equity,91.615,86.92,Consumer Discretionary,,
4755 JT Equity,43.39722222,26.65,Consumer Discretionary,,
4768 JT Equity,271.7558333,281.38,Information Technology,,
4901 JT Equity,259.3346154,250.03,Information Technology,,
4902 JT Equity,85.58076923,64.39,Information Technology,,
4911 JT Equity,79.42066667,80.41,Consumer Staples,,
4912 JT Equity,52.68333333,55.13,Consumer Staples,,
4922 JT Equity,384.2875,327.04,Consumer Staples,,
4927 JT Equity,81.63090909,78.8925,Consumer Staples,,
494 HK Equity,0.034363636,0.0267,Consumer Discretionary,,
5002 JT Equity,64.57166667,44.92,Energy,,
5019 JT Equity,-192.195,-225.03,Energy,,
5020 JT Equity,-134.9028571,-110.04,Energy,,
5101 JT Equity,138.23,117.17,Consumer Discretionary,,
5108 JT Equity,335.7414286,339.04,Consumer Discretionary,,
5110 JT Equity,205.6,157.69,Consumer Discretionary,,
5201 JT Equity,158.304169,205.15,Industrials,,
5214 JT Equity,63.20545549,49.95,Information Technology,,
522 HK Equity,3.385294118,3.61,Information Technology,,
5233 JT Equity,267.710004,296.3,Materials,,
5332 JT Equity,202.9066667,212.03,Industrials,,
5333 JT Equity,159.2875,163.28,Industrials,,
5334 JT Equity,165.0978571,141.6,Consumer Discretionary,,
5401 JT Equity,160.2729412,158.71,Materials,,
5406 JT Equity,-50.70666742,-59.3,Materials,,
5411 JT Equity,50.31357143,58.36,Materials,,
5463 JT Equity,147.992,133.71,Materials,,
5486 JT Equity,159.0635714,161.5,Materials,,
551 HK Equity,0.29,0.3247,Consumer Discretionary,,
5711 JT Equity,414.4400062,468,Materials,,
5713 JT Equity,13.74454545,-1.12,Materials,,
5802 JT Equity,119.205,114.73,Consumer Discretionary,,
5901 JT Equity,43.37,49.43,Materials,,
5938 JT Equity,-48.34,-89.33,Industrials,,
5947 JT Equity,449.2628571,436.71,Consumer Discretionary,,
6 HK Equity,3.568888889,3.01,Utilities,,
6098 JT Equity,39.36545455,38.09333333,Industrials,,
6113 JT Equity,73.07,74.56,Industrials,,
6146 JT Equity,614.836875,646.09,Information Technology,,
6178 JT Equity,92.41071429,97.26,Financials,,
6201 JT Equity,614.6670588,618.34,Consumer Discretionary,,
6268 JT Equity,138.4436364,142.37,Industrials,,
6273 JT Equity,1524.211429,1371.34,Industrials,,
6301 JT Equity,143.7788889,145.8,Industrials,,
6302 JT Equity,216.2111143,270.3,Industrials,,
6305 JT Equity,41.968,41.41,Industrials,,
6326 JT Equity,101.139375,106.58,Industrials,,
6367 JT Equity,454.0529412,469.23,Industrials,,
6370 JT Equity,111.88,108.24,Industrials,,
6383 JT Equity,117.9766667,118.72,Industrials,,
6417 JT Equity,124.0733333,126.78,Consumer Discretionary,,
6448 JT Equity,108.3533333,158.83,Information Technology,,
6460 JT Equity,29.50166667,22.9,Consumer Discretionary,,
6465 JT Equity,271.59375,295.95,Industrials,,
6471 JT Equity,120.0981818,121.38,Industrials,,
6473 JT Equity,149.2414286,141.91,Industrials,,
6479 JT Equity,100.8,97.26,Industrials,,
6481 JT Equity,154.4766667,107.24,Industrials,,
6501 JT Equity,51.17375,35.65,Information Technology,,
6502 JT Equity,-104.9166667,-108.64,Industrials,,
6503 JT Equity,101.484375,106.43,Industrials,,
6504 JT Equity,39.83625,42.9,Industrials,,
6506 JT Equity,89.63176471,84.71,Information Technology,,
6586 JT Equity,158.824375,153.3,Industrials,,
659 HK Equity,1.11,1.3,Industrials,,
6592 JT Equity,233.007,300.7,Industrials,,
6594 JT Equity,317.9285714,303.04,Industrials,,
66 HK Equity,1.57125,1.74,Industrials,,
6645 JT Equity,217.1683333,218.95,Information Technology,,
669 HK Equity,0.215,0.2232,Consumer Discretionary,,
6701 JT Equity,258.2380038,292.2,Information Technology,,
6702 JT Equity,41.98384615,41.94,Information Technology,,
6723 JT Equity,23.98272727,51.76,Information Technology,,
6724 JT Equity,172.9185714,127.94,Information Technology,,
6752 JT Equity,77.98058824,71.3,Consumer Discretionary,,
6753 JT Equity,-707.0628677,-1546.4,Consumer Discretionary,,
6758 JT Equity,122.4464,119.4,Consumer Discretionary,,
6762 JT Equity,524.6158824,514.23,Information Technology,,
6770 JT Equity,217.210625,206.64,Information Technology,,
6806 JT Equity,603.4942857,596.31,Information Technology,,
6823 HK Equity,0.61,0.6462,Telecommunication Services,,
6841 JT Equity,110.80875,114.01,Information Technology,,
6861 JT Equity,1134.572,1131.01,Information Technology,,
6869 JT Equity,167.5166667,189.08,Health Care,,
69 HK Equity,0.023,0.0297,Consumer Discretionary,,
6902 JT Equity,321.088,307.19,Consumer Discretionary,,
6923 JT Equity,155.03,152.88,Consumer Discretionary,,
6952 JT Equity,133.956,119.72,Consumer Discretionary,,
6954 JT Equity,793.195,816.78,Industrials,,
6963 JT Equity,282.9753846,241.91,Information Technology,,
6965 JT Equity,94.81666667,90.23,Information Technology,,
6971 JT Equity,241.3388235,297.24,Information Technology,,
6981 JT Equity,986.113,962.55,Information Technology,,
6988 JT Equity,509.098,495.23,Materials,,
7011 JT Equity,288.8900043,190.2,Industrials,,
7012 JT Equity,271.5826707,275.6,Industrials,,
7013 JT Equity,-150.1275022,9.9,Industrials,,
7167 JT Equity,59.94,67.37,Financials,,
7180 JT Equity,316.5,316.7,Financials,,
7201 JT Equity,133.3463636,125,Consumer Discretionary,,
7202 JT Equity,142.9142857,138.43,Consumer Discretionary,,
7203 JT Equity,747.9265217,741.36,Consumer Discretionary,,
7205 JT Equity,131.0661538,113.62,Industrials,,
7211 JT Equity,100.4478571,73.8,Consumer Discretionary,,
7240 JT Equity,197.33625,173.97,Consumer Discretionary,,
7259 JT Equity,330.2611765,342.67,Consumer Discretionary,,
7261 JT Equity,267.6595,224.85,Consumer Discretionary,,
7267 JT Equity,303.2714286,191.16,Consumer Discretionary,,
7269 JT Equity,262.9388889,234.98,Consumer Discretionary,,
7270 JT Equity,535.376,559.54,Consumer Discretionary,,
7272 JT Equity,175.5307143,180.84,Consumer Discretionary,,
7276 JT Equity,268.8981818,288.15,Consumer Discretionary,,
7282 JT Equity,177.3875,156.49,Consumer Discretionary,,
7309 JT Equity,537.8028571,549.76,Consumer Discretionary,,
7453 JT Equity,821.6122222,818.44,Consumer Discretionary,,
7459 JT Equity,124.12,135.89,Health Care,,
7532 JT Equity,158.189,157.76,Consumer Discretionary,,
7701 JT Equity,82.93285714,81.05,Information Technology,,
7731 JT Equity,61.875,75.55,Consumer Discretionary,,
7733 JT Equity,162.3846154,182.9,Health Care,,
7741 JT Equity,232.6825,225.45,Health Care,,
7751 JT Equity,148.9488889,137.95,Information Technology,,
7752 JT Equity,93.145,86.87,Information Technology,,
7779 JT Equity,-3.36,-3.53,Health Care,,
7832 JT Equity,145.271,157.43,Consumer Discretionary,,
7911 JT Equity,38.25,55.04,Industrials,,
7912 JT Equity,89.8,106.18,Industrials,,
7936 JT Equity,72.0325,82.01,Consumer Discretionary,,
7951 JT Equity,182.65875,168.9,Consumer Discretionary,,
7974 JT Equity,154.39,137.4,Information Technology,,
8 HK Equity,0.25,0.2679,Telecommunication Services,,
8001 JT Equity,207.6266667,152.14,Industrials,,
8002 JT Equity,35.09333333,35.88,Industrials,,
8015 JT Equity,-117.125,-54.8,Industrials,,
8028 JT Equity,233.5866667,187.13,Consumer Staples,,
8031 JT Equity,-39.81727273,-46.53,Industrials,,
8035 JT Equity,446.825,461.1,Information Technology,,
8036 JT Equity,255.4566667,261.68,Information Technology,,
8053 JT Equity,79.78625,59.73,Industrials,,
8058 JT Equity,-95.25555556,-93.68,Industrials,,
8113 JT Equity,69.00666667,74.29,Consumer Staples,,
8227 JT Equity,689.3683333,673.25,Consumer Discretionary,,
8233 JT Equity,66.74166667,67.88,Consumer Discretionary,,
8252 JT Equity,69.94857143,70.68,Consumer Discretionary,,
8253 JT Equity,173.845,147.37,Financials,,
8267 JT Equity,6.0825,7.19,Consumer Staples,,
8303 JT Equity,239.9100036,229.6,Financials,,
8304 JT Equity,371.3670055,372.9,Financials,,
8306 JT Equity,74.93,68.51,Financials,,
8308 JT Equity,72.02733333,75.73,Financials,,
8309 JT Equity,448.2278638,433.3,Financials,,
8316 JT Equity,557.1277778,472.99,Financials,,
8331 JT Equity,67.774,67.03,Financials,,
8354 JT Equity,52.27666667,51.75,Financials,,
8355 JT Equity,80.1375,77.79,Financials,,
8358 JT Equity,159.7044444,156.15,Financials,,
8359 JT Equity,58.94,59.85,Financials,,
8369 JT Equity,291.3875043,282.05,Financials,,
8410 JT Equity,21.155,20.75,Financials,,
8411 JT Equity,25.68823529,26.94,Financials,,
8418 JT Equity,127.85,132.43,Financials,,
8473 JT Equity,124.71,160.83,Financials,,
8570 JT Equity,167.2927273,180.09,Financials,,
8572 JT Equity,7.966666667,9.32,Financials,,
8591 JT Equity,202.3773333,198.73,Financials,,
8593 JT Equity,58.2,61.45,Financials,,
8601 JT Equity,68.47272727,68.25,Financials,,
8604 JT Equity,47.83,36.53,Financials,,
8630 JT Equity,371.0871429,394.21,Financials,,
8697 JT Equity,82.01,81.74,Financials,,
8725 JT Equity,273.5757143,298.72,Financials,,
8729 JT Equity,110.655625,99.67,Financials,,
8750 JT Equity,149.4473333,150.53,Financials,,
8766 JT Equity,308.8271429,337.27,Financials,,
8795 JT Equity,124.8646667,111,Financials,,
880 HK Equity,0.365,0.411,Consumer Discretionary,,
9001 JT Equity,120.4250018,127.7,Industrials,,
9005 JT Equity,80.8325,89.62,Industrials,,
9006 JT Equity,-12.10666667,-10.94,Industrials,,
9007 JT Equity,77.79857143,76.28,Industrials,,
9008 JT Equity,170.8440025,159.45,Industrials,,
9009 JT Equity,182.975,183.1,Industrials,,
9020 JT Equity,648.533125,625.82,Industrials,,
9021 JT Equity,498.6721429,443.53,Industrials,,
9022 JT Equity,1686.636429,1714.64,Industrials,,
9024 JT Equity,141.1214286,167.89,Industrials,,
9041 JT Equity,145.2400022,152.3,Industrials,,
9042 JT Equity,270.5266707,277.9,Industrials,,
9045 JT Equity,196.7500029,199.75,Industrials,,
9048 JT Equity,116.0000017,133.4,Industrials,,
9062 JT Equity,342.7930051,356.1,Industrials,,
9064 JT Equity,97.90214286,96.45,Industrials,,
9101 JT Equity,144.1900021,107.5,Industrials,,
9104 JT Equity,-1474.356386,-1425,Industrials,,
9201 JT Equity,492.825,481.29,Industrials,,
9202 JT Equity,189.7157171,223.6,Industrials,,
9364 JT Equity,126.37,126.46,Industrials,,
9432 JT Equity,333.644375,350.34,Telecommunication Services,,
9433 JT Equity,203.432,197.73,Telecommunication Services,,
9435 JT Equity,590.27,485.48,Consumer Discretionary,,
9437 JT Equity,136.9738889,141.3,Telecommunication Services,,
9501 JT Equity,190.19,87.86,Utilities,,
9502 JT Equity,205.0372727,224.15,Utilities,,
9503 JT Equity,162.7481818,157.59,Utilities,,
9504 JT Equity,55.53166667,74.83,Utilities,,
9506 JT Equity,166.5022222,195.01,Utilities,,
9508 JT Equity,137.65,155.17,Utilities,,
9513 JT Equity,242.2718182,216.99,Utilities,,
9531 JT Equity,258.4300039,233.4,Utilities,,
9532 JT Equity,212.3550032,202.65,Utilities,,
9533 JT Equity,376.4425056,397.05,Utilities,,
9602 JT Equity,139.6525,140.22,Consumer Discretionary,,
9613 JT Equity,43.15833333,45.186,Information Technology,,
9706 JT Equity,117.325,109.2,Industrials,,
9735 JT Equity,379.2457143,352.97,Industrials,,
9766 JT Equity,83.49,76.44,Information Technology,,
9783 JT Equity,-4.958333333,-85.37,Consumer Discretionary,,
9831 JT Equity,38.40363636,38.22,Consumer Discretionary,,
9843 JT Equity,417.6972727,425.1,Consumer Discretionary,,
9962 JT Equity,60.3625,61.65,Industrials,,
9983 JT Equity,518.456875,471.31,Consumer Discretionary,,
9984 JT Equity,472.0966667,402.49,Telecommunication Services,,
9987 JT Equity,259.9666667,292.13,Health Care,,
9989 JT Equity,176.4475,178.43,Consumer Staples,,
A UN Equity,1.422,1.42,Health Care,,
AAL LN Equity,0.374,1.24,Materials,,
AAL UW Equity,5.24,4.85,Industrials,,
AAP UN Equity,6.276,6.22,Consumer Discretionary,,
AAPL UW Equity,8.274186047,8.35,Information Technology,,
ABBN SE Equity,0.931052632,0.88,Industrials,,
ABBV UN Equity,3.758,3.65,Health Care,,
ABC UN Equity,6.105,6.73,Health Care,,
ABE SQ Equity,0.909411765,0.875541,Industrials,,
ABF LN Equity,1.015711111,1.034,Consumer Staples,,
ABI BB Equity,1.342727273,0.72,Consumer Staples,,
ABN NA Equity,1.890666667,1.920213,Financials,,
ABT UN Equity,1.662857143,0.94,Health Care,,
ABX CT Equity,0.416666667,0.56,Materials,,
AC FP Equity,1.250769231,0.88,Consumer Discretionary,,
ACA FP Equity,1.27,1.12,Financials,,
ACGL UW Equity,5.945,5.5,Financials,,
ACN UN Equity,6.07625,6.58,Information Technology,,
ACO/X CT Equity,3.04,2.97,Utilities,,
ACS SQ Equity,2.63625,2.386754,Industrials,,
AD NA Equity,0.913333333,0.81,Consumer Staples,,
ADBE UW Equity,2.156,2.35,Information Technology,,
ADEN SE Equity,4.035,4.24,Industrials,,
ADI UW Equity,2.661,2.79,Information Technology,,
ADM LN Equity,0.797,0.787,Financials,,
ADM UN Equity,2.206,2.18,Consumer Staples,,
ADP FP Equity,4.339230769,4.4,Industrials,,
ADP UW Equity,3.292,3.27,Information Technology,,
ADS GY Equity,4.9475,5.08,Consumer Discretionary,,
ADS UN Equity,11.90777778,7.37,Information Technology,,
ADSK UW Equity,-1.445,-1.46,Information Technology,,
AEE UN Equity,2.693333333,2.69,Utilities,,
AEM CT Equity,0.5,0.71,Materials,,
AENA SQ Equity,7.71,7.76,Industrials,,
AEP UN Equity,1.053333333,1.24,Utilities,,
AER UN Equity,5.05875,5.64,Industrials,,
AES UN Equity,0.65,-1.72,Utilities,,
AET UN Equity,6.946,6.46,Health Care,,
AFG UN Equity,4.605,7.47,Financials,,
AFL UN Equity,6.05,6.46,Financials,,
AGCO UN Equity,2.0375,1.97,Industrials,,
AGL AT Equity,-0.07662,-0.605,Utilities,,
AGN NA Equity,0.17,0.22,Financials,,
AGN UN Equity,-2.55,38.18,Health Care,,
AGNC UW Equity,-0.74,1.79,Financials,,
AGS BB Equity,0.78,0.13,Financials,,
AGU CT Equity,4.474,4.29,Materials,,
AHT LN Equity,0.779422222,0.813,Industrials,,
AI FP Equity,4.575000099,4.645454545,Materials,,
AIA NZ Equity,0.186666667,0.2205,Industrials,,
AIBG ID Equity,0.49,0.486,Financials,,
AIG UN Equity,2.675,-0.78,Financials,,
AIR FP Equity,2.257272727,1.29,Industrials,,
AIZ UN Equity,11.68666667,9.23,Financials,,
AJG UN Equity,2.384,2.33,Financials,,
AKAM UW Equity,1.728235294,1.81,Information Technology,,
AKE FP Equity,5.124615385,5.68,Materials,,
AKZA NA Equity,3.867333333,3.87,Materials,,
ALA CT Equity,1.075,0.99,Energy,,
ALB UN Equity,4.43,5.73,Materials,,
ALFA SS Equity,5.63,5.46,Industrials,,
ALGN UW Equity,2.412,2.38,Health Care,,
ALKS UW Equity,-1.56375,-1.38,Health Care,,
ALL AT Equity,0.536542857,0.551,Consumer Discretionary,,
ALL UN Equity,4.005,4.72,Financials,,
ALLE UN Equity,2.448333333,2.39,Industrials,,
ALLY UN Equity,2.07,2.15,Financials,,
ALNY UW Equity,-4.71,-4.79,Health Care,,
ALO FP Equity,16.3225,10.17,Industrials,,
ALV GY Equity,14.84272727,15.14,Financials,,
ALV UN Equity,6.599444444,6.43,Consumer Discretionary,,
ALXN UW Equity,1.96,1.78,Health Care,,
AM FP Equity,44.03,44.954073,Industrials,,
AMAT UW Equity,1.618,1.56,Information Technology,,
AMC AT Equity,0.205,0.21,Materials,,
AMD UR Equity,-0.613076923,-0.6,Information Technology,,
AME UN Equity,2.304285714,2.2,Industrials,,
AMG UN Equity,8.295,8.73,Financials,,
AMGN UW Equity,10.125,10.32,Health Care,,
AMP AT Equity,-0.089057143,-0.117,Financials,,
AMP UN Equity,7.01,7.9,Financials,,
AMS SQ Equity,1.867368421,1.889795,Information Technology,,
AMTD UW Equity,1.611666667,1.59,Financials,,
AMUN FP Equity,3.180012503,3.3024268,Financials,,
AMZN UW Equity,4.782564103,5.01,Consumer Discretionary,,
AN UN Equity,3.988571429,4.18,Consumer Discretionary,,
ANDR AV Equity,2.77,2.69,Industrials,,
ANDV UN Equity,5.862857143,6.19,Energy,,
ANET UN Equity,2.315,2.66,Information Technology,,
ANSS UW Equity,2.993333333,3.05,Information Technology,,
ANTM UN Equity,9.22,9.39,Health Care,,
ANTO LN Equity,0.349230769,0.16,Materials,,
ANZ AT Equity,1.9986,1.974,Financials,,
AON UN Equity,5.584444444,5.21,Financials,,
AOS UN Equity,1.836428571,1.87,Industrials,,
APA AT Equity,0.179466667,0.161,Utilities,,
APA UN Equity,-3.207142857,-3.71,Energy,,
APC UN Equity,-5.396,-5.9,Energy,,
APD UN Equity,7.12,2.92,Materials,,
APH UN Equity,2.6125,2.67,Information Technology,,
APTV UN Equity,4.73,4.6,Consumer Discretionary,,
AR UN Equity,-0.416111111,-2.88,Energy,,
ARMK UN Equity,1.203333333,1.19,Consumer Discretionary,,
ARNC UN Equity,1.045,-2.304489,Industrials,,
ARW UN Equity,5.838,5.75,Information Technology,,
ARX CT Equity,0.24125,0.57,Energy,,
ASML NA Equity,3.212307694,3.46,Information Technology,,
ASSAB SS Equity,6.127142857,5.99,Industrials,,
AST AT Equity,0.14752,0.1395,Utilities,,
ASX AT Equity,2.192577778,2.204,Financials,,
ATC NA Equity,-0.46625,-1.42,Consumer Discretionary,,
ATCOA SS Equity,10.35285714,9.81,Industrials,,
ATD/B CT Equity,2.17,2.1,Consumer Staples,,
ATH UN Equity,3.417142857,4.31,Financials,,
ATL IM Equity,1.23875,1.36,Industrials,,
ATO FP Equity,5.834,5.58,Information Technology,,
ATO UN Equity,3.335,3.38,Utilities,,
ATVI UW Equity,1,1.3,Information Technology,,
AUTO LN Equity,0.118925,0.1267,Information Technology,,
AV/ LN Equity,0.260016667,0.153,Financials,,
AVGO UW Equity,-1.046,-4.75,Information Technology,,
AVT UN Equity,4.123333333,3.87,Information Technology,,
AVY UN Equity,3.673333333,3.6,Materials,,
AWC AT Equity,0.011375,-0.01,Materials,,
AWK UN Equity,2.845333333,2.63,Utilities,,
AXP UN Equity,5.754117647,5.67,Financials,,
AXS UN Equity,4.556666667,5.13,Financials,,
AXTA UN Equity,0.57,0.18,Materials,,
AYI UN Equity,7.01375,6.67,Industrials,,
AZJ AT Equity,0.066925,0.035,Industrials,,
AZN LN Equity,1.925,2.77,Health Care,,
AZO UN Equity,40.808,41.52,Consumer Discretionary,,
B4B GY Equity,1.411428571,1.39,Consumer Staples,,
BA UN Equity,7.396875,7.7,Industrials,,
BA/ LN Equity,0.317481818,0.288,Industrials,,
BAB LN Equity,0.56396,0.57,Industrials,,
BAC UN Equity,1.47,1.58,Financials,,
BAER SE Equity,2.793125,2.85,Financials,,
BALN SE Equity,10.75,11.53,Financials,,
BAM/A CT Equity,1.63,1.58,Financials,,
BARC LN Equity,0.090242857,0.096263,Financials,,
BARN SE Equity,41.01,39.57,Consumer Staples,,
BAS GY Equity,4.468,4.42,Materials,,
BATS LN Equity,2.77584,2.502,Consumer Staples,,
BAX UN Equity,8.956666667,9.09,Health Care,,
BAYN GY Equity,5.603333333,5.44,Health Care,,
BB CT Equity,-0.134,-0.4,Information Technology,,
BB FP Equity,6.11375,5.32,Industrials,,
BBD/B CT Equity,-0.304615385,-0.48,Industrials,,
BBT UN Equity,2.780454545,2.81,Financials,,
BBVA SQ Equity,0.525,0.53726,Financials,,
BBY UN Equity,2.291666667,2.59,Consumer Discretionary,,
BCE CT Equity,3.373333333,3.33,Telecommunication Services,,
BCR UN Equity,7.412,7.15,Health Care,,
BDEV LN Equity,0.54225,0.551,Consumer Discretionary,,
BDX UN Equity,6.168,4.59,Health Care,,
BEI GY Equity,3.050416667,3.13,Consumer Staples,,
BEN AT Equity,0.82556,0.904,Financials,,
BEN UN Equity,2.801538462,2.94,Financials,,
BEZQ IT Equity,0.5172,0.45,Telecommunication Services,,
BF/B UN Equity,2.49,2.63,Consumer Staples,,
BG UN Equity,4.7175,5.07,Consumer Staples,,
BHGE UN Equity,-5.175,-2.08,Energy,,
BHP AT Equity,-1.01,-1.2,Materials,,
BIIB UW Equity,17.67888889,16.96,Health Care,,
BIM FP Equity,1.474,1.513333333,Health Care,,
BIRG ID Equity,0.666922308,0.659999868,Financials,,
BK UN Equity,3.13,3.16,Financials,,
BKG LN Equity,2.833914286,2.958,Consumer Discretionary,,
BKIA SQ Equity,0.293684211,0.280712,Financials,,
BKT SQ Equity,0.542941176,0.54,Financials,,
BLD AT Equity,0.313200519,0.296321622,Materials,,
BLK UN Equity,18.93875,19.29,Financials,,
BLL UN Equity,1.1175,0.83,Materials,,
BLT LN Equity,-1.01,-1.2,Materials,,
BMO CT Equity,6.6975,6.94,Financials,,
BMRN UW Equity,-3.727222222,-3.8,Health Care,,
BMW GY Equity,10.32866667,10.45,Consumer Discretionary,,
BMY UN Equity,2.737142857,2.67,Health Care,,
BN FP Equity,2.870909091,2.79,Consumer Staples,,
BNP FP Equity,5.992105263,6,Financials,,
BNR GY Equity,2.333333333,2.33,Industrials,,
BNS CT Equity,5.693333333,5.8,Financials,,
BNZL LN Equity,0.84555,0.807,Industrials,,
BOKA NA Equity,-4.78,-4.397114,Industrials,,
BOL FP Equity,0.187142857,0.15,Industrials,,
BOL SS Equity,13.86076923,15.49,Materials,,
BOQ AT Equity,0.911525,0.898,Financials,,
BOSS GY Equity,2.894166667,2.8,Consumer Discretionary,,
BP/ LN Equity,-0.024166667,0.0061,Energy,,
BR UN Equity,2.5475,2.6,Information Technology,,
BRBY LN Equity,0.705955556,0.7,Consumer Discretionary,,
BSL AT Equity,0.674157143,0.621,Materials,,
BSX UN Equity,0.332,0.26,Health Care,,
BT/A LN Equity,0.288868421,0.285,Telecommunication Services,,
BVI FP Equity,0.791818182,0.73,Industrials,,
BWA UN Equity,2.685,0.55,Consumer Discretionary,,
BXB AT Equity,0.42,0.373,Industrials,,
C UN Equity,4.705,4.72,Financials,,
CA FP Equity,1.322857143,1.01,Consumer Staples,,
CA UW Equity,1.79375,1.82,Information Technology,,
CABK SQ Equity,0.197647059,0.18,Financials,,
CAE CT Equity,0.866666667,0.85,Industrials,,
CAG UN Equity,1.93,-1.57,Consumer Staples,,
CAH UN Equity,4.25,4.36,Health Care,,
CAP FP Equity,4.609285714,5.44,Information Technology,,
CARLB DC Equity,30.81583333,29.4,Consumer Staples,,
CAT UN Equity,2.383333333,-0.11,Industrials,,
CB UN Equity,7.574285714,8.94,Financials,,
CBA AT Equity,5.407966667,5.423,Financials,,
CBK GY Equity,0.181538462,0.22,Financials,,
CBOE UW Equity,2.3175,2.27,Financials,,
CBS UN Equity,3.887142857,2.84,Consumer Discretionary,,
CC UN Equity,1.22,0.04,Materials,,
CCE UN Equity,1.64,1.45,Consumer Staples,,
CCH LN Equity,0.841666667,0.95,Consumer Staples,,
CCK UN Equity,3.7875,3.58,Materials,,
CCL AT Equity,0.537057143,0.322,Consumer Staples,,
CCL LN Equity,3.55,3.73,Consumer Discretionary,,
CCL UN Equity,3.55,3.73,Consumer Discretionary,,
CCL/B CT Equity,1.916666667,1.98,Materials,,
CCO CT Equity,0.384285714,-0.16,Energy,,
CD SP Equity,0.148461538,0.1472,Industrials,,
CDK UW Equity,1.52,1.52,Information Technology,,
CDNS UW Equity,0.755,0.71,Information Technology,,
CDW UW Equity,2.503333333,2.59,Information Technology,,
CE UN Equity,6.48,6.21,Materials,,
CELG UW Equity,2.988333333,2.57,Health Care,,
CERN UW Equity,1.966153846,1.88,Health Care,,
CF UN Equity,0.501666667,-1.19,Materials,,
CFG UN Equity,1.95,1.97,Financials,,
CFR SE Equity,4.336470588,3.947,Consumer Discretionary,,
CGF AT Equity,0.7334,0.585,Financials,,
CGNX UW Equity,0.777,0.875,Information Technology,,
CHD UN Equity,1.753333333,1.78,Consumer Staples,,
CHKP UW Equity,4.01,4.26,Information Technology,,
CHR DC Equity,1.4,1.41,Materials,,
CHRW UW Equity,3.578,3.6,Industrials,,
CHTR UW Equity,3.506,17.05,Consumer Discretionary,,
CI UN Equity,7.35625,7.31,Health Care,,
CIM AT Equity,1.6728,1.766,Industrials,,
CINF UW Equity,3.675,3.59,Financials,,
CIT UN Equity,1.4525,-4.2,Financials,,
CIX CT Equity,1.918,1.86,Financials,,
CL UN Equity,2.744,2.74,Consumer Staples,,
CLN SE Equity,0.915625,0.78,Materials,,
CLR UN Equity,-1.240666667,-1.08,Energy,,
CLX UN Equity,4.94875,5.01,Consumer Staples,,
CM CT Equity,10.84,10.72,Financials,,
CMA UN Equity,2.592083333,2.74,Financials,,
CMCSA UW Equity,1.749090909,1.805,Consumer Discretionary,,
CME UW Equity,4.457142857,4.55,Financials,,
CMG UN Equity,0.768181818,0.78,Consumer Discretionary,,
CMI UN Equity,7.976,8.25,Industrials,,
CMS UN Equity,2.015,1.99,Utilities,,
CNA LN Equity,0.158008333,0.314,Utilities,,
CNC UN Equity,2.895,3.52,Health Care,,
CNHI IM Equity,-0.133916667,-0.18,Industrials,,
CNP FP Equity,1.586666667,1.64,Financials,,
CNP UN Equity,1.184117647,1,Utilities,,
CNQ CT Equity,-0.544,-0.19,Energy,,
CNR CT Equity,4.562307692,4.69,Industrials,,
CO FP Equity,0.144285714,23.65,Consumer Staples,,
COB LN Equity,-0.366799574,-0.45883464,Industrials,,
COF UN Equity,7.041666667,6.96,Financials,,
COG UN Equity,-0.262307692,-0.91,Energy,,
COH AT Equity,3.329666667,3.306,Health Care,,
COL UN Equity,5.48,5.58,Industrials,,
COLOB DC Equity,17.66782609,14.846481,Health Care,,
COLR BB Equity,2.490769231,2.49,Consumer Staples,,
COMM UW Equity,1.054,1.16,Information Technology,,
CON GY Equity,13.76470588,14.01,Consumer Discretionary,,
COO UN Equity,6.306666667,5.65,Health Care,,
COP UN Equity,-3.24,-2.91,Energy,,
COST UW Equity,5.2908,5.36,Consumer Staples,,
COTY UN Equity,0.83,0.45,Consumer Staples,,
CP CT Equity,11.02571429,10.69,Industrials,,
CPB UN Equity,2.841428571,1.82,Consumer Staples,,
CPG CT Equity,-0.836,-1.81,Energy,,
CPG LN Equity,0.582333333,0.604,Consumer Discretionary,,
CPI LN Equity,0.379166667,0.0555,Industrials,,
CPR IM Equity,0.141428571,0.145,Consumer Staples,,
CPU AT Equity,0.38125,0.2855,Information Technology,,
CRDA LN Equity,1.5059,1.482,Materials,,
CRH ID Equity,1.483333333,1.502,Materials,,
CRM UN Equity,-0.119583333,-0.07,Information Technology,,
CS FP Equity,2.241111111,2.3,Financials,,
CSCO UW Equity,2.085833333,2.13,Information Technology,,
CSGN SE Equity,-1.062504798,-1.2736944,Financials,,
CSGP UW Equity,2.528,2.64,Industrials,,
CSL AT Equity,2.921666667,2.689,Health Care,,
CSU CT Equity,9.965,9.76,Information Technology,,
CSX UW Equity,1.8,1.81,Industrials,,
CTAS UW Equity,6.033333333,6.342475,Industrials,,
CTC/A CT Equity,9.19,9.25,Consumer Discretionary,,
CTEC LN Equity,-0.1008,-0.15,Health Care,,
CTL UN Equity,1.385454545,1.16,Telecommunication Services,,
CTSH UW Equity,2.636666667,2.56,Information Technology,,
CTX AT Equity,2.2364,2.316,Energy,,
CTXS UW Equity,3.131,3.46,Information Technology,,
CU CT Equity,2.11,2.07,Utilities,,
CVE CT Equity,-0.919230769,-0.65,Energy,,
CVS UN Equity,5.112857143,4.93,Health Care,,
CVX UN Equity,1.388636364,-0.27,Energy,,
CWN AT Equity,0.553733333,1.3026,Consumer Discretionary,,
CXO UN Equity,-10.07833333,-10.85,Energy,,
D UN Equity,3.703333333,3.44,Utilities,,
DAI GY Equity,8.212352941,7.97,Consumer Discretionary,,
DAL UN Equity,5.67,5.82,Industrials,,
DANSKE DC Equity,19.250625,20.05299,Financials,,
DB1 GY Equity,4.5725,6.81,Financials,,
DBK GY Equity,-0.890001486,-1.07993468,Financials,,
DBS SP Equity,1.704444444,1.66,Financials,,
DCC LN Equity,2.1418,2.0264,Industrials,,
DE UN Equity,4.239090909,4.83,Industrials,,
DEC FP Equity,0.918,1.057,Consumer Discretionary,,
DFS UN Equity,5.742142857,5.77,Financials,,
DG FP Equity,4.112142857,4.52,Industrials,,
DG UN Equity,3.918,3.96,Consumer Discretionary,,
DGE LN Equity,0.936678571,0.895,Consumer Staples,,
DGX UN Equity,4.59,4.58,Health Care,,
DHI UN Equity,2.383846154,2.39,Consumer Discretionary,,
DHR UN Equity,2.891666667,3.69,Health Care,,
DIS UN Equity,5.744736842,5.76,Consumer Discretionary,,
DISCA UW Equity,1.900555556,1.97,Consumer Discretionary,,
DISH UW Equity,2.992272727,3.119258,Consumer Discretionary,,
DLG LN Equity,0.1707,0.204,Financials,,
DLTR UW Equity,1.388333333,1.27,Consumer Discretionary,,
DMP AT Equity,0.957466667,0.944,Consumer Discretionary,,
DNB NO Equity,10.83454545,11.46,Financials,,
DOL CT Equity,2.929333333,3.03,Consumer Discretionary,,
DOV UN Equity,3.179090909,3.28,Industrials,,
DPS UN Equity,4.706,4.57,Consumer Staples,,
DPW GY Equity,2.148095238,2.19,Industrials,,
DPZ UN Equity,4.254,4.41,Consumer Discretionary,,
DRI GY Equity,0.837647059,0.48,Telecommunication Services,,
DRI UN Equity,2.82375,2.94,Consumer Discretionary,,
DSM NA Equity,3.299375,3.523704,Materials,,
DSV DC Equity,8.603333333,9.02,Industrials,,
DSY FP Equity,1.821666667,1.76,Information Technology,,
DTE GY Equity,0.958235294,0.58,Telecommunication Services,,
DTE UN Equity,5.284375,4.84,Utilities,,
DUFN SE Equity,0.119090909,0.05,Consumer Discretionary,,
DUK UN Equity,4.0825,3.11,Utilities,,
DVA UN Equity,4.0425,4.36,Health Care,,
DVN UN Equity,-7.167333333,-6.52,Energy,,
DWDP UN Equity,3.08,2.4,Materials,,
DXC UN Equity,2.97,-6.45,Information Technology,,
EA UW Equity,2.125,3.73,Information Technology,,
EBAY UW Equity,2.09,6.41,Information Technology,,
EBS AV Equity,2.977857143,2.93,Financials,,
ECA CT Equity,-0.745,-1.07,Energy,,
ECL UN Equity,4.19125,4.2,Materials,,
ED UN Equity,4.04,4.15,Utilities,,
EDEN FP Equity,0.7925,0.78,Industrials,,
EDF FP Equity,1.216251938,1.06632715,Utilities,,
EDP PL Equity,0.257692308,0.26,Utilities,,
EFN CT Equity,0.545,0.98,Financials,,
EFX UN Equity,4.04,4.1,Industrials,,
EI FP Equity,3.712307692,3.79,Health Care,,
EIX UN Equity,3.907368421,4.02,Utilities,,
EL UN Equity,3.173043478,3.01,Consumer Staples,,
ELE SQ Equity,1.298421053,1.332701,Utilities,,
ELISA FH Equity,1.632916667,1.61,Telecommunication Services,,
ELUXB SS Equity,15.24583333,15.64,Consumer Discretionary,,
EMA CT Equity,1.8,1.33,Utilities,,
EMN UN Equity,6.474,5.8,Materials,,
EMP/A CT Equity,1.482222222,-7.78,Consumer Staples,,
EMR UN Equity,2.505454545,2.53,Industrials,,
EMSN SE Equity,17.9625,19.19,Materials,,
EN FP Equity,1.611666667,2.11,Industrials,,
ENB CT Equity,2.103333333,1.95,Energy,,
ENEL IM Equity,0.322857143,0.26,Utilities,,
ENG SQ Equity,1.751666667,1.749901,Energy,,
ENGI FP Equity,0.977,-0.173205,Utilities,,
ENI IM Equity,-0.428571429,-0.41,Energy,,
EO FP Equity,4.927142857,4.65,Consumer Discretionary,,
EOAN GY Equity,-4.67,-4.328893,Utilities,,
EOG UN Equity,-1.883529412,-1.98,Energy,,
EQT UN Equity,-1.655,-2.71,Energy,,
ERF FP Equity,9.335714286,10.88,Health Care,,
ERICB SS Equity,1.342380952,0.53,Information Technology,,
ES UN Equity,2.985,2.97,Utilities,,
ESRX UW Equity,4.823333333,5.43,Health Care,,
ESSITYB SS Equity,7.084,5.41,Consumer Staples,,
ETFC UW Equity,1.94,1.99,Financials,,
ETL FP Equity,1.42,1.516,Consumer Discretionary,,
ETN UN Equity,4.20375,4.22,Industrials,,
ETR UN Equity,6.890555556,-3.26,Utilities,,
EV UN Equity,2.1225,2.2,Financials,,
EVHC UN Equity,2.748333333,-0.47,Health Care,,
EVK GY Equity,1.70375,1.81,Materials,,
EW UN Equity,2.608333333,2.67,Health Care,,
EWBC UW Equity,2.924285714,3,Financials,,
EXC UN Equity,2.680869565,1.23,Utilities,,
EXO IM Equity,3.19,2.513144,Financials,,
EXPD UW Equity,2.35,2.38,Industrials,,
EXPE UW Equity,2.064347826,1.87,Consumer Discretionary,,
EXPN LN Equity,0.79875,0.786,Industrials,,
EZJ LN Equity,1.081866667,1.084,Industrials,,
F UN Equity,1.6975,1.16,Consumer Discretionary,,
FANG UW Equity,-2.027777778,-2.2,Energy,,
FAST UW Equity,1.711578947,1.73,Industrials,,
FB UW Equity,3.0796875,3.56,Information Technology,,
FBHS UN Equity,2.6325,2.68,Industrials,,
FBU NZ Equity,0.638571429,0.67,Materials,,
FCA IM Equity,1.385,1.192,Consumer Discretionary,,
FCX UN Equity,-3.073333333,-3.16,Materials,,
FDC UN Equity,0.43,0.47,Information Technology,,
FDX UN Equity,10.1275,6.59,Industrials,,
FE UN Equity,-1.08,-14.49,Utilities,,
FER SQ Equity,0.555,0.514418,Industrials,,
FERG LN Equity,2.293633333,2.564,Industrials,,
FFH CT Equity,12.915,-24.18,Financials,,
FFIV UW Equity,5.236875,5.43,Information Technology,,
FGR FP Equity,4.168823529,5.13,Industrials,,
FIS UN Equity,1.808571429,1.74,Information Technology,,
FISV UW Equity,4.1,4.22,Information Technology,,
FITB UW Equity,1.896818182,1.95,Financials,,
FLEX UW Equity,0.895,0.8,Information Technology,,
FLIR UW Equity,1.3325,1.22,Information Technology,,
FLR UN Equity,2.158571429,2.02,Industrials,,
FLS UN Equity,0.993333333,1.11,Industrials,,
FLT AT Equity,2.46261,2.424,Consumer Discretionary,,
FLT UN Equity,5.033333333,4.89,Information Technology,,
FM CT Equity,0.41,-0.07,Materials,,
FMC UN Equity,2.824117647,1.56,Materials,,
FME GY Equity,3.774782609,3.678851202,Health Care,,
FMG AT Equity,0.30375,0.316,Materials,,
FNF UN Equity,2.0575,2.4,Financials,,
FNV CT Equity,0.928333333,0.7,Materials,,
FORTUM FH Equity,0.622352941,0.56,Utilities,,
FOXA UW Equity,1.468571429,1.42,Consumer Discretionary,,
FP FP Equity,3.296315789,2.604256,Energy,,
FPH NZ Equity,0.25,0.256,Health Care,,
FR FP Equity,3.713125,3.91,Consumer Discretionary,,
FRA GY Equity,4.478235294,4.07,Industrials,,
FRC UN Equity,3.896818182,4.07,Financials,,
FRE GY Equity,2.922,2.92,Health Care,,
FRES LN Equity,0.655,0.579,Materials,,
FRUT IT Equity,1.98,1.85,Materials,,
FTI UN Equity,0.635833333,1.06,Energy,,
FTNT UW Equity,0.096923077,0.19,Information Technology,,
FTS CT Equity,1.943333333,1.89,Utilities,,
FTT CT Equity,0.6925,0.38,Industrials,,
FTV UN Equity,2.434545455,2.52,Industrials,,
G CT Equity,0.184285714,0.19,Materials,,
G IM Equity,1.395185185,1.34,Financials,,
G1A GY Equity,1.485,1.48,Industrials,,
GALP PL Equity,0.315714286,0.22,Energy,,
GAS SQ Equity,1.33625,1.345025,Utilities,,
GBLB BB Equity,2.771666667,-2.95,Financials,,
GD UN Equity,9.600833333,9.7,Industrials,,
GE UN Equity,1.19375,0.9,Industrials,,
GEBN SE Equity,14.97916667,14.88,Industrials,,
GEN DC Equity,16.806,19.83,Health Care,,
GENS SP Equity,0.018705882,0.0222,Consumer Discretionary,,
GET FP Equity,0.25,0.37,Industrials,,
GETIB SS Equity,5.57613561,4.90880592,Health Care,,
GFS LN Equity,0.117211111,0.128,Industrials,,
GGR SP Equity,0.029833333,0.0314,Consumer Staples,,
GIB/A CT Equity,3.45625,3.51,Information Technology,,
GIL CT Equity,1.4375,1.47,Consumer Discretionary,,
GILD UW Equity,10.10583333,10.08,Health Care,,
GIS UN Equity,2.831818182,2.83,Consumer Staples,,
GIVN SE Equity,74.67611111,69.95,Materials,,
GJF NO Equity,9.335294118,9.34,Financials,,
GKN LN Equity,0.182625,0.141,Consumer Discretionary,,
GLE FP Equity,4.456111111,4.26,Financials,,
GLEN LN Equity,0.069714286,0.1,Materials,,
GLW UN Equity,2.312,3.526471,Information Technology,,
GM UN Equity,5.948181818,6.12,Consumer Discretionary,,
GOOGL UW Equity,27.91212121,28.32,Information Technology,,
GPC UN Equity,4.59,4.61,Consumer Discretionary,,
GPN UN Equity,3.19,2.05,Information Technology,,
GPS UN Equity,2.21625,2.24,Consumer Discretionary,,
GRA UN Equity,2.083333333,1.34,Materials,,
GRF SQ Equity,0.792777778,0.8,Health Care,,
GRMN UW Equity,2.559,2.71,Consumer Discretionary,,
GS UN Equity,16.206,16.53,Financials,,
GSK LN Equity,0.436936364,0.188,Health Care,,
GT UW Equity,3.833333333,4.81,Consumer Discretionary,,
GWO CT Equity,2.655,2.668,Financials,,
GWW UN Equity,11.227,9.94,Industrials,,
H CT Equity,1.2225,1.21,Utilities,,
HAL UN Equity,-0.045,-6.69,Energy,,
HAS UW Equity,4.102727273,4.4,Consumer Discretionary,,
HBAN UW Equity,0.661111111,0.72,Financials,,
HBI UN Equity,1.466,1.41,Consumer Discretionary,,
HCA UN Equity,6.555,7.53,Health Care,,
HD UN Equity,5.398,5.49,Consumer Discretionary,,
HDS UW Equity,2.738571429,7.47,Industrials,,
HEI GY Equity,4.376923077,3.66,Materials,,
HEIA NA Equity,2.935,2.7,Consumer Staples,,
HEIO NA Equity,2.975,2.7,Consumer Staples,,
HEN3 GY Equity,4.873076923,4.72,Consumer Staples,,
HES UN Equity,-4.977083333,-19.92,Energy,,
HEXAB SS Equity,1.598823529,1.59,Information Technology,,
HFC UN Equity,0.527857143,-1.48,Energy,,
HIG UN Equity,2.35,2.31,Financials,,
HII UN Equity,10.42777778,12.24,Industrials,,
HL/ LN Equity,0.363325,0.374,Financials,,
HLT UN Equity,2.873333333,1.059999106,Consumer Discretionary,,
HMB SS Equity,10.96064516,11.26,Consumer Discretionary,,
HNR1 GY Equity,8.911,9.71,Financials,,
HO FP Equity,3.89,4.49,Industrials,,
HOG UN Equity,3.860714286,3.85,Consumer Discretionary,,
HOLX UW Equity,1.083333333,1.18,Health Care,,
HON UN Equity,6.4775,6.29,Industrials,,
HOT GY Equity,4.825555556,4.98,Industrials,,
HP UN Equity,-0.065,-0.54,Energy,,
HPE UN Equity,2.041111111,1.84,Information Technology,,
HPHT SP Equity,0.201666667,0.1967,Industrials,,
HPQ UN Equity,1.48,1.44,Information Technology,,
HRB UN Equity,1.59,1.5,Consumer Discretionary,,
HRL UN Equity,1.646666667,1.68,Consumer Staples,,
HRS UN Equity,2.76,2.61,Industrials,,
HSBA LN Equity,0.3725,0.07,Financials,,
HSE CT Equity,-0.581818182,0.88,Energy,,
HSIC UW Equity,3.084,3.135,Health Care,,
HSO AT Equity,0.1082,0.104,Health Care,,
HSY UN Equity,3.842857143,3.344313,Consumer Staples,,
HUM UN Equity,7.27,4.11,Health Care,,
HUSQB SS Equity,3.665555556,3.67,Consumer Discretionary,,
HVN AT Equity,0.297633333,0.3136,Consumer Discretionary,,
IAC UW Equity,-1.299411765,-0.52,Information Technology,,
IAG AT Equity,0.3495125,0.2579,Financials,,
IAG CT Equity,4.976,5.22,Financials,,
IAG SQ Equity,0.831363636,0.93,Industrials,,
IBE SQ Equity,0.414210526,0.425173,Utilities,,
IBM UN Equity,12.20583333,12.43,Information Technology,,
ICA SS Equity,16.655,16.97,Consumer Staples,,
ICE UN Equity,2.39375,2.39,Financials,,
ICL IT Equity,0.0796,-0.1,Materials,,
IDXX UW Equity,2.375555556,2.47,Health Care,,
IEX UN Equity,3.704545455,3.57,Industrials,,
IFC CT Equity,4.3925,3.97,Financials,,
IFF UN Equity,5.23,5.07,Materials,,
IFX GY Equity,0.621,0.66,Information Technology,,
IGM CT Equity,3.03,3.19,Financials,,
IGY GY Equity,2.021052632,4.15,Utilities,,
IHG LN Equity,1.939400417,1.953,Consumer Discretionary,,
III LN Equity,0.60935,0.856,Financials,,
ILD FP Equity,6.35,6.84,Telecommunication Services,,
ILMN UW Equity,2.931428571,3.09,Health Care,,
IMB LN Equity,1.41685,0.661,Consumer Staples,,
IMI LN Equity,0.4559,0.483,Industrials,,
IMO CT Equity,0.640666667,2.55,Energy,,
INCY UW Equity,0.615294118,0.55,Health Care,,
INFO UW Equity,0.548666667,0.49,Industrials,,
ING FP Equity,3.745555556,4,Information Technology,,
INGA NA Equity,1.033333333,1.2,Financials,,
INGR UN Equity,6.824,6.7,Consumer Staples,,
INTC UW Equity,2.080625,2.18,Information Technology,,
INTU UW Equity,3.401818182,3.73,Information Technology,,
INVEB SS Equity,14.6,44.09,Financials,,
INVP LN Equity,0.386433333,0.385,Financials,,
IP UN Equity,3.342941176,2.2,Materials,,
IPG UN Equity,1.3525,1.53,Consumer Discretionary,,
IPGP UW Equity,4.855,4.91,Information Technology,,
IPL AT Equity,0.098333333,0.076,Materials,,
IPL CT Equity,1.32,1.31,Energy,,
IPN FP Equity,3.012222222,2.73,Health Care,,
IQV UN Equity,3.371428571,0.77,Health Care,,
IR UN Equity,5.728,5.7,Industrials,,
ISP IM Equity,0.188666667,0.185466,Financials,,
ISRG UW Equity,6.225714286,6.403333333,Health Care,,
ISS DC Equity,12.29111111,12.068862,Industrials,,
IT UN Equity,2.368333333,2.34,Information Technology,,
ITRK LN Equity,1.51087,1.585,Industrials,,
ITV LN Equity,0.122216667,0.112,Consumer Discretionary,,
ITW UN Equity,5.62,5.73,Industrials,,
ITX SQ Equity,0.931388889,0.923,Consumer Discretionary,,
IVZ UN Equity,2.082,2.06,Financials,,
JAZZ UW Equity,6.138571429,6.56,Health Care,,
JBHT UW Equity,3.787692308,3.84,Industrials,,
JCI UN Equity,2.31,-1.3,Industrials,,
JCNC SP Equity,1.7675,1.78,Consumer Discretionary,,
JEC UN Equity,2.20875,1.75,Industrials,,
JHX AT Equity,0.61,0.55,Materials,,
JKHY UW Equity,2.862,3.13,Information Technology,,
JM SP Equity,3.716666667,6.69,Industrials,,
JMAT LN Equity,1.9090625,1.662,Materials,,
JMT PL Equity,0.954615385,0.944,Consumer Staples,,
JNJ UN Equity,5.777142857,6.04,Health Care,,
JNPR UN Equity,1.5,1.55,Information Technology,,
JPM UN Equity,5.923,6.24,Financials,,
JS SP Equity,2.606,4.67,Industrials,,
JWN UN Equity,3.411538462,3.22,Consumer Discretionary,,
K CT Equity,-0.0175,-0.08,Materials,,
K UN Equity,2.892,1.98,Consumer Staples,,
KBC BB Equity,5.368125,5.68,Financials,,
KEP SP Equity,0.506875,0.432,Industrials,,
KER FP Equity,9.209333333,6.46,Consumer Discretionary,,
KEY CT Equity,1.389166667,1.21,Energy,,
KEY UN Equity,0.813,0.81,Financials,,
KGF LN Equity,0.187677778,0.178,Consumer Discretionary,,
KGX GY Equity,2.386666667,2.38,Industrials,,
KHC UW Equity,2.93,2.84,Consumer Staples,,
KINVB SS Equity,-30.39,-12.55,Financials,,
KLAC UW Equity,4.138333333,4.52,Information Technology,,
KMB UN Equity,6.004,6.03,Consumer Staples,,
KMI UN Equity,0.677,0.25,Energy,,
KMX UN Equity,3.033333333,3.07,Consumer Discretionary,,
KN FP Equity,0.369166667,0.41,Financials,,
KNEBV FH Equity,1.964230769,2,Industrials,,
KNIN SE Equity,5.904782609,5.99,Industrials,,
KNX UN Equity,1.596428635,1.541666667,Industrials,,
KO UN Equity,1.745,1.51,Consumer Staples,,
KORS UN Equity,4.418076923,4.5,Consumer Discretionary,,
KPN NA Equity,0.17,0.17,Telecommunication Services,,
KR UN Equity,2.048,2.09,Consumer Staples,,
KSS UN Equity,3.432,3.48,Consumer Discretionary,,
KSU UN Equity,4.415333333,4.44,Industrials,,
KYG ID Equity,3.00625,3.029,Consumer Staples,,
L CT Equity,4.12,2.4,Consumer Staples,,
L UN Equity,1.68,1.93,Financials,,
LB UN Equity,4.122857143,4.3,Consumer Discretionary,,
LBTYA UW Equity,-0.224285714,1.704176,Consumer Discretionary,,
LDO IM Equity,0.6425,0.879,Industrials,,
LDOS UN Equity,2.608333333,2.39,Information Technology,,
LEA UN Equity,13.50181818,13.48,Consumer Discretionary,,
LEG UN Equity,2.585,2.8,Consumer Discretionary,,
LEN UN Equity,3.802142786,4.049019608,Consumer Discretionary,,
LGEN LN Equity,0.211075,0.2122,Financials,,
LH UN Equity,7.05375,7.14,Health Care,,
LHA GY Equity,3.815882353,3.81,Industrials,,
LHN SE Equity,2.856153846,2.96,Materials,,
LII UN Equity,6.56,6.39,Industrials,,
LISN SE Equity,1818.79125,1791.3,Consumer Staples,,
LKQ UW Equity,1.549,1.51,Consumer Discretionary,,
LLL UN Equity,8.06875,9.17,Industrials,,
LLOY LN Equity,0.035041667,0.029,Financials,,
LLY UN Equity,2.612,2.59,Health Care,,
LMT UN Equity,17.06666667,17.71,Industrials,,
LNC UN Equity,5.7975,5.09,Financials,,
LNG UA Equity,-3.565,-2.67,Energy,,
LNR CT Equity,7.55,8.01,Consumer Discretionary,,
LNT UN Equity,1.884,1.64,Utilities,,
LONN SE Equity,6.839119027,5.3076417,Health Care,,
LOW UN Equity,3.304230769,2.73,Consumer Discretionary,,
LR FP Equity,2.121428571,2.359,Industrials,,
LRCX UW Equity,5.13,5.75,Information Technology,,
LSE LN Equity,0.596125,0.435,Financials,,
LSXMA UW Equity,1.2,1.233167,Consumer Discretionary,,
LULU UW Equity,1.84125,1.9,Consumer Discretionary,,
LUMI IT Equity,1.86,1.85,Financials,,
LUN CT Equity,-1.094,-0.92,Materials,,
LUN DC Equity,5.498461538,6.14,Health Care,,
LUPE SS Equity,-1.125,-1.09,Energy,,
LUV UN Equity,3.4675,3.58,Industrials,,
LUX IM Equity,1.690714286,1.77,Consumer Discretionary,,
LVS UN Equity,2.112857143,2.1,Consumer Discretionary,,
LXS GY Equity,2.2775,2.1,Materials,,
LYB UN Equity,9.397142857,9.15,Materials,,
LYV UN Equity,-0.24,-0.23,Consumer Discretionary,,
M UN Equity,3.585,3.26,Consumer Discretionary,,
MA UN Equity,3.701333333,3.7,Information Technology,,
MAERSKB DC Equity,45.19,-93.330809,Industrials,,
MAN GY Equity,1.63,-0.12,Industrials,,
MAN UN Equity,6.091111111,6.33,Industrials,,
MAP SQ Equity,0.238181818,0.25,Financials,,
MAR UW Equity,2.963,2.68,Consumer Discretionary,,
MAS UN Equity,1.5275,1.49,Industrials,,
MAT UW Equity,1.13,0.93,Consumer Discretionary,,
MB IM Equity,0.67,0.71,Financials,,
MC FP Equity,7.951,7.92,Consumer Discretionary,,
MCD UN Equity,5.386666667,5.49,Consumer Discretionary,,
MCHP UW Equity,1.61,1.59,Information Technology,,
MCK UN Equity,10.0175,9.82,Health Care,,
MCO UN Equity,4.713333333,1.38,Financials,,
MCRO LN Equity,0.71,0.745,Information Technology,,
MCY NZ Equity,0.101333333,0.1163,Utilities,,
MDC LN Equity,0.237783333,0.296,Health Care,,
MDLZ UW Equity,1.47,1.07,Consumer Staples,,
MDT UN Equity,2.864545455,2.51,Health Care,,
MEL NZ Equity,0.087333333,0.072,Utilities,,
MELI UW Equity,2.856,3.09,Information Technology,,
MERL LN Equity,0.2,0.208,Consumer Discretionary,,
MET UN Equity,3.816666667,0.63,Financials,,
METSO FH Equity,0.97,0.87,Industrials,,
MF FP Equity,1.55,-8.05,Financials,,
MFC CT Equity,1.755,1.42,Financials,,
MG CT Equity,5.18,5.19,Consumer Discretionary,,
MGGT LN Equity,0.226344444,0.221,Industrials,,
MGM UN Equity,2.021818182,1.94,Consumer Discretionary,,
MHG NO Equity,1.17,1.2,Consumer Staples,,
MHK UN Equity,12.54,12.55,Consumer Discretionary,,
MIC UN Equity,2.05,1.93,Industrials,,
MIDD UW Equity,4.84,4.98,Industrials,,
MKC UN Equity,3.716666667,3.73,Consumer Staples,,
MKL UN Equity,37.64,31.41,Financials,,
MKS LN Equity,0.297666667,0.249,Consumer Discretionary,,
ML FP Equity,8.28,9.21,Consumer Discretionary,,
MLCO UW Equity,0.399,0.348,Consumer Discretionary,,
MLM UN Equity,6.704444444,6.66,Materials,,
MMB FP Equity,0.914,1.36,Consumer Discretionary,,
MMC UN Equity,3.372,3.41,Financials,,
MMM UN Equity,8.158,8.35,Industrials,,
MNDI LN Equity,1.382222222,1.318,Materials,,
MNST UW Equity,1.196666667,1.21,Consumer Staples,,
MO UN Equity,2.69,7.28,Consumer Staples,,
MON UN Equity,3.2775,3.02,Materials,,
MOS UN Equity,0.92,0.85,Materials,,
MPC UN Equity,2.03,2.22,Energy,,
MPL AT Equity,0.151766667,0.152,Financials,,
MQG AT Equity,5.785225,6.192,Financials,,
MRK GY Equity,4.075,3.75,Health Care,,
MRK UN Equity,2.13,1.42,Health Care,,
MRO UN Equity,-1.11,-2.61,Energy,,
MRU CT Equity,2.361538462,2.41,Consumer Staples,,
MRVL UW Equity,-1.048,-1.59,Information Technology,,
MRW LN Equity,0.081725,0.0951,Consumer Staples,,
MS UN Equity,2.7585,2.98,Financials,,
MSCI UN Equity,2.724444444,2.72,Financials,,
MSFT UW Equity,2.117692308,2.12,Information Technology,,
MSI UN Equity,3.675,3.3,Information Technology,,
MT NA Equity,1.587748367,1.860000186,Materials,,
MTB UN Equity,7.832727273,7.8,Financials,,
MTD UN Equity,14.22333333,14.49,Health Care,,
MTN UN Equity,4.126666667,4.13,Consumer Discretionary,,
MTX GY Equity,5.810588235,6.09,Industrials,,
MU UW Equity,-0.254,-0.27,Information Technology,,
MUV2 GY Equity,16.81875,16.13,Financials,,
MX CT Equity,-0.42,-0.14,Materials,,
MXIM UW Equity,0.879090909,0.8,Information Technology,,
MYL UW Equity,1.255,0.94,Health Care,,
MZTF IT Equity,5.5408,5.46,Financials,,
NA CT Equity,3.3425,3.31,Financials,,
NAB AT Equity,0.5621,0.088,Financials,,
NBL UN Equity,-1.622727273,-2.32,Energy,,
NCLH UW Equity,3.09,2.79,Consumer Discretionary,,
NCM AT Equity,0.436666667,0.433,Materials,,
NDA SS Equity,0.862083335,0.93,Financials,,
NDAQ UW Equity,2.8225,0.65,Financials,,
NEE UN Equity,5.973333333,6.29,Utilities,,
NEM UN Equity,-1.33,-1.18,Materials,,
NESN SE Equity,3.093571429,2.76,Consumer Staples,,
NESTE FH Equity,3.224615385,3.67,Energy,,
NFLX UW Equity,0.404857143,0.44,Consumer Discretionary,,
NFX UN Equity,-6.084545455,-6.36,Energy,,
NG/ LN Equity,0.617892308,0.687,Utilities,,
NHY NO Equity,2.86,3.13,Materials,,
NI UN Equity,1.080666667,1.03,Utilities,,
NICE IT Equity,2.02,1.96,Information Technology,,
NK FP Equity,4,3.72,Materials,,
NKE UN Equity,2.154193548,2.21,Consumer Discretionary,,
NLSN UN Equity,1.372727273,1.4,Industrials,,
NLY UN Equity,-0.272,1.39,Financials,,
NN NA Equity,3.695555556,3.55,Financials,,
NOC UN Equity,11.70272727,12.3,Industrials,,
NOKIA FH Equity,-0.208125,-0.13,Information Technology,,
NOV UN Equity,-4.819090909,-6.41,Energy,,
NOVN SE Equity,3.152857143,2.82,Health Care,,
NOVOB DC Equity,15.08233333,14.99,Health Care,,
NOW UN Equity,-2.63,-2.75,Information Technology,,
NRE1V FH Equity,1.811428571,1.87,Consumer Discretionary,,
NSC UN Equity,5.587222222,5.66,Industrials,,
NTAP UW Equity,1.059230769,0.78,Information Technology,,
NTRS UW Equity,4.315,4.35,Financials,,
NUE UN Equity,2.161428571,2.48,Materials,,
NVDA UW Equity,1.0605,1.13,Information Technology,,
NVR UN Equity,99.28666667,110.53,Consumer Discretionary,,
NWL UN Equity,1.455,1.25,Consumer Discretionary,,
NWSA UW Equity,0.313333333,0.3,Consumer Discretionary,,
NXPI UW Equity,-0.786363636,0.59,Information Technology,,
NXT LN Equity,4.337065217,4.505,Consumer Discretionary,,
NYCB UN Equity,1.051666667,1.01,Financials,,
NZYMB DC Equity,9.96875,10.15,Materials,,
O2D GY Equity,-0.041565217,-0.06,Telecommunication Services,,
OC UN Equity,3.261111111,3.44,Industrials,,
OCBC SP Equity,0.847222222,0.822,Financials,,
ODFL UW Equity,3.582222222,3.56,Industrials,,
OGE UN Equity,1.77,1.69,Utilities,,
OKE UN Equity,1.7,1.67,Energy,,
OMC UN Equity,4.751666667,4.8,Consumer Discretionary,,
OML LN Equity,0.11936,0.119,Financials,,
OMV AV Equity,0.743333333,-1.24,Energy,,
OR FP Equity,5.87,5.55,Consumer Staples,,
ORA FP Equity,1.701818182,1.04,Telecommunication Services,,
ORCL UN Equity,2.092222222,2.11,Information Technology,,
ORG AT Equity,-0.002283333,-0.398,Energy,,
ORI AT Equity,0.9327,0.92,Materials,,
ORK NO Equity,4.166363636,4.22,Consumer Staples,,
ORLY UW Equity,10.69214286,10.87,Consumer Discretionary,,
ORNBV FH Equity,1.7425,1.77,Health Care,,
ORSTED DC Equity,29.69166667,18.011503,Utilities,,
OSH AT Equity,0.067272727,0.059,Energy,,
OSR GY Equity,4.193333333,3.84,Industrials,,
OTEX CT Equity,1.093333333,1.17,Information Technology,,
OXY UN Equity,-0.354,-0.75,Energy,,
PAGP UN Equity,1.84,0.94,Energy,,
PAH3 GY Equity,7.911428571,4.48,Consumer Discretionary,,
PANW UN Equity,-2.426923077,-2.21,Information Technology,,
PARG SE Equity,-5.665,-0.38,Financials,,
PAYX UW Equity,2.08,2.1,Information Technology,,
PBCT UW Equity,0.91,0.92,Financials,,
PCAR UW Equity,2.003076923,1.49,Industrials,,
PCG UN Equity,2.83,2.79,Utilities,,
PCLN UW Equity,41.32909091,43.14,Consumer Discretionary,,
PE UN Equity,-0.185,-0.46,Energy,,
PEG UN Equity,2.878888889,1.76,Utilities,,
PEP UN Equity,4.534,4.39,Consumer Staples,,
PFE UN Equity,1.53,1.18,Health Care,,
PFG UN Equity,4.473333333,4.55,Financials,,
PG UN Equity,3.59,3.8,Consumer Staples,,
PGHN SE Equity,19.10375,21.15,Financials,,
PGR UN Equity,1.667142857,1.77,Financials,,
PH UN Equity,5.69375,5.96,Industrials,,
PHIA NA Equity,1.439,1.58,Health Care,,
PHM UN Equity,1.52,1.76,Consumer Discretionary,,
PII UN Equity,3.406,3.31,Consumer Discretionary,,
PJC/A CT Equity,1.176666667,1.14,Consumer Staples,,
PKG UN Equity,4.823571429,4.76,Materials,,
PM UN Equity,4.496363636,4.48,Consumer Staples,,
PNC UN Equity,7.191176471,7.466,Financials,,
PNDORA DC Equity,51.44166667,52.8,Consumer Discretionary,,
PNR UN Equity,2.567,2.88,Industrials,,
PNW UN Equity,3.954117647,3.97,Utilities,,
POLI IT Equity,2.4082,1.98,Financials,,
POT CT Equity,0.419,0.39,Materials,,
POW CT Equity,2.21,2.33,Financials,,
PPB ID Equity,0.5322,-0.072,Consumer Discretionary,,
PPG UN Equity,3.1225,3.3,Materials,,
PPL CT Equity,1.0775,1.02,Energy,,
PPL UN Equity,2.645,2.8,Utilities,,
PRGO UN Equity,-5.244,-28.01,Health Care,,
PROX BB Equity,1.5425,1.62,Telecommunication Services,,
PRU LN Equity,1.101930769,0.75,Financials,,
PRU UN Equity,11.45,9.85,Financials,,
PRY IM Equity,1.309090909,1.15,Industrials,,
PSK CT Equity,0.088,0.09,Energy,,
PSM GY Equity,2.158888889,1.86,Consumer Discretionary,,
PSN LN Equity,1.924,2.03,Consumer Discretionary,,
PSON LN Equity,-0.034366667,-2.868,Consumer Discretionary,,
PST IM Equity,0.46,0.476,Financials,,
PSX UN Equity,3.064,2.94,Energy,,
PUB FP Equity,4.145,-2.36,Consumer Discretionary,,
PVH UN Equity,6.673333333,6.95,Consumer Discretionary,,
PWF CT Equity,2.74,2.69,Financials,,
PX UN Equity,5.1875,5.25,Materials,,
PXD UN Equity,-3.796666667,-3.34,Energy,,
PYPL UW Equity,1.156666667,1.16,Information Technology,,
QBE AT Equity,0.538333333,0.616,Financials,,
QCOM UW Equity,3.665714286,3.84,Information Technology,,
QIA GY Equity,0.505384615,0.339999564,Health Care,,
QRVO UW Equity,-0.0675,-0.2,Information Technology,,
QSR CT Equity,1.36,1.48,Consumer Discretionary,,
QVCA UW Equity,0.967142857,0.995266,Consumer Discretionary,,
RACE IM Equity,2.076153846,2.11,Consumer Discretionary,,
RAND NA Equity,3.215833333,3.15,Industrials,,
RB/ LN Equity,2.519233333,2.602,Consumer Staples,,
RBI AV Equity,1.479,1.58,Financials,,
RBS LN Equity,-0.527057143,-0.595,Financials,,
RCF FP Equity,4.051538462,3.73,Industrials,,
RCI/B CT Equity,2.41,1.62,Telecommunication Services,,
RCL UN Equity,5.938333333,5.96,Consumer Discretionary,,
RCO FP Equity,2.231578947,2.11,Consumer Staples,,
RDSA LN Equity,0.846428571,0.58,Energy,,
RE UN Equity,17.92,23.85,Financials,,
REA AT Equity,1.576325,1.92,Information Technology,,
REC IM Equity,1.131111111,1.152,Health Care,,
REE SQ Equity,1.19,1.181374,Utilities,,
REGN UW Equity,7.576428571,8.55,Health Care,,
REL LN Equity,0.579525,0.563,Industrials,,
REN NA Equity,0.601710763,0.563,Industrials,,
REP SQ Equity,1.106,1.16,Energy,,
RF FP Equity,3.321249849,7.276190476,Financials,,
RF UN Equity,0.868636364,0.87,Financials,,
RGA UN Equity,9.695,10.91,Financials,,
RHC AT Equity,2.27778,2.176,Health Care,,
RHI UN Equity,2.697142857,2.68,Industrials,,
RHT UN Equity,1.061176471,1.09,Information Technology,,
RI FP Equity,4.991818182,4.68,Consumer Staples,,
RIO AT Equity,2.732222222,2.569,Materials,,
RIO LN Equity,2.732222222,2.569,Materials,,
RJF UN Equity,3.316666667,3.72,Financials,,
RL UN Equity,4.832,4.65,Consumer Discretionary,,
RMD UN Equity,2.578,2.51,Health Care,,
RMG LN Equity,0.19465,0.241,Industrials,,
RMS FP Equity,10.63235294,10.53,Consumer Discretionary,,
RNO FP Equity,12.24588235,12.57,Consumer Discretionary,,
RNR UN Equity,10.76,11.5,Financials,,
ROG SE Equity,12.57222222,11.24,Health Care,,
ROK UN Equity,5.539166667,5.6,Industrials,,
ROL UN Equity,0.76,0.77,Industrials,,
ROP UN Equity,6.471666667,6.5,Industrials,,
ROST UW Equity,2.491724138,5.06,Consumer Discretionary,,
RR/ LN Equity,0.21776,-2.2008,Industrials,,
RRC UN Equity,-1.866666667,-2.75,Energy,,
RRS LN Equity,2.752272727,2.64,Materials,,
RRTL GY Equity,4.77,4.69,Consumer Discretionary,,
RSA LN Equity,0.06066,0.018,Financials,,
RSG UN Equity,1.844285714,1.79,Industrials,,
RTN UN Equity,7.467272727,7.45,Industrials,,
RWE GY Equity,-8.77,-9.29,Utilities,,
RXL FP Equity,0.661818182,0.46,Industrials,,
RY CT Equity,6.8,6.8,Financials,,
RYA ID Equity,1.07866667,1.1626,Industrials,,
RYM NZ Equity,0.5,0.611,Health Care,,
S UN Equity,-0.507142857,-0.5,Telecommunication Services,,
S32 AT Equity,-0.311,-0.303,Materials,,
SAB SQ Equity,0.1365,0.130307,Financials,,
SABR UW Equity,0.922,0.87,Information Technology,,
SAF FP Equity,5.93,4.41,Industrials,,
SAMPO FH Equity,2.811428571,2.95,Financials,,
SAN FP Equity,3.937142857,3.66,Health Care,,
SAN SQ Equity,0.405789925,0.423292012,Financials,,
SAND SS Equity,5.294210526,4.39,Industrials,,
SAP CT Equity,1.572,1.53,Consumer Staples,,
SAP GY Equity,3.039230769,3.04,Information Technology,,
SATS SP Equity,0.2,0.199,Industrials,,
SBNY UW Equity,7.346363636,7.42,Financials,,
SBRY LN Equity,0.24138,0.239,Consumer Staples,,
SBUX UW Equity,1.88,1.91,Consumer Discretionary,,
SCG UN Equity,4.203333333,4.16,Utilities,,
SCHP SE Equity,6.858333333,7.14,Industrials,,
SCHW UN Equity,1.304545455,1.32,Financials,,
SCI SP Equity,0.223846154,0.1992,Industrials,,
SCMN SE Equity,29.04142857,30.97,Telecommunication Services,,
SCR FP Equity,3.039047619,3.26,Financials,,
SDF GY Equity,0.867272727,0.91,Materials,,
SDR LN Equity,1.702316667,1.783,Financials,,
SEBA SS Equity,4.745,4.88,Financials,,
SECUB SS Equity,7.509375,7.24,Industrials,,
SEE UN Equity,2.29,2.49,Materials,,
SEIC UW Equity,1.985,2.07,Financials,,
SEK AT Equity,1.0395,1.037,Industrials,,
SESG FP Equity,2.264285714,1.767395,Consumer Discretionary,,
SEV FP Equity,0.78,0.72,Utilities,,
SGE LN Equity,0.190825,0.1928,Information Technology,,
SGEN UW Equity,-0.948571429,-1,Health Care,,
SGO FP Equity,2.102142857,2.36,Industrials,,
SGSN SE Equity,77.71285714,71.607543,Industrials,,
SGX SP Equity,0.332,0.326,Financials,,
SHA GY Equity,1.375,1.29,Consumer Discretionary,,
SHBA SS Equity,8.5895,8.43,Financials,,
SHL AT Equity,1.01845,1.1,Health Care,,
SHOP CT Equity,-0.420833333,-0.42,Information Technology,,
SHP LN Equity,0.15625,0.43,Health Care,,
SHW UN Equity,11.28,12.33,Materials,,
SIA SP Equity,0.667272727,0.69,Industrials,,
SIE GY Equity,6.712352941,6.74,Industrials,,
SIK SE Equity,219.157,277.406665,Materials,,
SIRI UW Equity,0.145,0.15,Consumer Discretionary,,
SIVB UW Equity,7.135,7.37,Financials,,
SJM UN Equity,5.858333333,5.77,Consumer Staples,,
SJR/B CT Equity,1.01,2.51,Consumer Discretionary,,
SK FP Equity,5.02125,5.2,Consumer Discretionary,,
SKAB SS Equity,14.685,13.96,Industrials,,
SKFB SS Equity,8.923888889,8.75,Industrials,,
SKY LN Equity,0.533055556,0.39,Consumer Discretionary,,
SLA LN Equity,0.243888889,0.187,Financials,,
SLB UN Equity,1.1555,-1.24,Energy,,
SLF CT Equity,3.86,4.05,Financials,,
SLHN SE Equity,27.2575,28.92,Financials,,
SMIN LN Equity,0.62115,0.656,Industrials,,
SN/ LN Equity,0.659,0.881,Health Care,,
SNA UN Equity,9.13,9.4,Industrials,,
SNC CT Equity,2.345,1.7,Industrials,,
SNI UW Equity,5.648333333,5.2,Consumer Discretionary,,
SNPS UW Equity,1.722,1.76,Information Technology,,
SO UN Equity,2.874,2.57,Utilities,,
SOLB BB Equity,5.985,6.01,Materials,,
SOON SE Equity,5.235625,5.11,Health Care,,
SPB UN Equity,5.177,6.02,Consumer Staples,,
SPGI UN Equity,7.03,8.02,Financials,,
SPH SP Equity,0.165,0.16,Consumer Discretionary,,
SPK NZ Equity,0.1975,0.202,Telecommunication Services,,
SPLK UW Equity,-2.101333333,-2.2,Information Technology,,
SPR GY Equity,3.556666667,3.96,Consumer Discretionary,,
SPR UN Equity,3.810909091,3.72,Industrials,,
SQ UN Equity,-0.522222222,-0.5,Information Technology,,
SRCL UW Equity,2.577777778,2.1,Industrials,,
SRE UN Equity,5.36,5.48,Utilities,,
SREN SE Equity,10.73625,10.72,Financials,,
SRG IM Equity,0.175,0.25,Energy,,
SSE LN Equity,1.041281818,0.461,Utilities,,
SSNC UW Equity,0.575,0.65,Information Technology,,
ST SP Equity,0.244375,0.2429,Telecommunication Services,,
ST UN Equity,1.561666667,1.54,Industrials,,
STAN LN Equity,0.041153846,-0.145,Financials,,
STE SP Equity,0.148888889,0.156,Industrials,,
STERV FH Equity,0.831111111,0.59,Materials,,
STH SP Equity,0.205294118,0.198,Telecommunication Services,,
STI UN Equity,3.574166667,3.63,Financials,,
STJ LN Equity,0.293878571,0.215,Financials,,
STL NO Equity,0.116526316,-0.91,Energy,,
STLD UW Equity,1.912857143,1.57,Materials,,
STM FP Equity,0.18,0.19,Information Technology,,
STMN SE Equity,14.61875,14.68,Health Care,,
STO AT Equity,-0.572857143,-0.582,Energy,,
STT UN Equity,4.88,5.03,Financials,,
STX UW Equity,1.223333333,0.83,Information Technology,,
STZ UN Equity,5.23,5.361735,Consumer Staples,,
SU CT Equity,0.1725,0.27,Energy,,
SU FP Equity,3.256666667,3.12,Industrials,,
SUN AT Equity,0.850455556,0.8119,Financials,,
SVT LN Equity,1.02183,1.398,Utilities,,
SW FP Equity,4.075555556,4.21,Consumer Discretionary,,
SWEDA SS Equity,17.51666667,17.6,Financials,,
SWK UN Equity,6.484166667,6.61,Industrials,,
SWKS UW Equity,5.083571429,5.27,Information Technology,,
SWMA SS Equity,27.49666667,27.38,Consumer Staples,,
SY1 GY Equity,1.841538462,1.95,Materials,,
SYD AT Equity,0.1471125,0.1434,Industrials,,
SYF UN Equity,2.673,2.71,Financials,,
SYK UN Equity,4.59,4.4,Health Care,,
SYMC UW Equity,0.818,3.71,Information Technology,,
SYY UN Equity,1.84,1.66,Consumer Staples,,
T CT Equity,2.313333333,2.06,Telecommunication Services,,
T UN Equity,2.229166667,2.1,Telecommunication Services,,
TAH AT Equity,0.188166667,0.204,Consumer Discretionary,,
TAP UN Equity,4.67,9.32,Consumer Staples,,
TCL AT Equity,0.066798299,0.04973125,Industrials,,
TD CT Equity,4.678888889,4.68,Financials,,
TDC DC Equity,3.672857143,3.576047,Telecommunication Services,,
TDG UN Equity,10.08,10.39,Industrials,,
TECK/B CT Equity,2.1625,1.8,Materials,,
TEF SQ Equity,0.5685,0.42,Telecommunication Services,,
TEL NO Equity,3.765238095,1.89,Telecommunication Services,,
TEL UN Equity,5.436666667,5.49,Information Technology,,
TEL2B SS Equity,-4.1275,-4.34,Telecommunication Services,,
TELIA SS Equity,0.655714286,0.86,Telecommunication Services,,
TEN IM Equity,0.03840625,0.046841,Energy,,
TFX UN Equity,5.598,5.48,Health Care,,
TGT UN Equity,4.484285714,5.35,Consumer Discretionary,,
TIF UN Equity,3.7675,3.61,Consumer Discretionary,,
TIT IM Equity,0.07052381,0.085822,Telecommunication Services,,
TJX UN Equity,3.28516129,3.38,Consumer Discretionary,,
TKA GY Equity,0.717142857,0.52,Materials,,
TLS AT Equity,0.42015,0.474,Telecommunication Services,,
TMK UN Equity,4.52,4.58,Financials,,
TMO UN Equity,5.06,5.12,Health Care,,
TMUS UW Equity,1.5375,1.71,Telecommunication Services,,
TNET BB Equity,0.9925,0.36,Consumer Discretionary,,
TOL UN Equity,2.503636364,2.27,Consumer Discretionary,,
TOU CT Equity,-0.1,-0.14,Energy,,
TPK LN Equity,1.03565,0.051,Industrials,,
TPM AT Equity,0.401860915,0.445093338,Telecommunication Services,,
TPR UN Equity,1.734,1.66,Consumer Discretionary,,
TRGP UN Equity,-0.555,-1.8,Energy,,
TRI CT Equity,1.526666667,4.14,Financials,,
TRIP UW Equity,0.959090909,0.83,Consumer Discretionary,,
TRMB UW Equity,0.50625,0.53,Information Technology,,
TRN IM Equity,0.301666667,0.315,Utilities,,
TROW UW Equity,4.6275,4.85,Financials,,
TRP CT Equity,2.73375,0.16,Energy,,
TRQ CT Equity,0.055,0.1,Materials,,
TRU UN Equity,0.598571429,0.66,Industrials,,
TRV UN Equity,9.84,10.39,Financials,,
TRYG DC Equity,9.226153846,8.84,Financials,,
TSCO LN Equity,0.02665,0.017,Consumer Staples,,
TSCO UW Equity,3.245333333,3.29,Consumer Discretionary,,
TSLA UW Equity,-4.8825,-4.68,Consumer Discretionary,,
TSN UN Equity,4.63,4.592208,Consumer Staples,,
TSRO UW Equity,-7.291111111,-8.13,Health Care,,
TSS UN Equity,1.800909091,1.74,Information Technology,,
TTWO UW Equity,-0.143333333,-0.1,Information Technology,,
TUI LN Equity,0.6975,1.78,Consumer Discretionary,,
TW/ LN Equity,0.178114286,0.181,Consumer Discretionary,,
TWE AT Equity,0.261085714,0.243,Consumer Staples,,
TWTR UN Equity,-0.556296296,-0.65,Information Technology,,
TWX UN Equity,5.748461538,5.01,Consumer Discretionary,,
TXN UW Equity,3.171363636,3.54,Information Technology,,
TXT UN Equity,2.975,3.55,Industrials,,
UAA UN Equity,0.47,0.453737,Consumer Discretionary,,
UAL UN Equity,7.442222222,6.86,Industrials,,
UBI FP Equity,0.775,0.86,Information Technology,,
UBSG SE Equity,0.808095238,0.86,Financials,,
UCB BB Equity,2.642857143,2.76,Health Care,,
UCG IM Equity,-8.975,-9.93231732,Financials,,
UG FP Equity,2.0325,2.16,Consumer Discretionary,,
UGI UN Equity,2.175,2.11,Utilities,,
UHAL UW Equity,22,24.95,Industrials,,
UHR SE Equity,12.09888889,10.69,Consumer Discretionary,,
UHS UN Equity,7.148,7.22,Health Care,,
ULTA UW Equity,4.833181818,5,Consumer Discretionary,,
ULVR LN Equity,1.80875,1.83,Consumer Staples,,
UMI BB Equity,0.886,0.6,Materials,,
UN01 GY Equity,-10.82,-8.79,Utilities,,
UNA NA Equity,1.80875,1.83,Consumer Staples,,
UNH UN Equity,7.441875,7.37,Health Care,,
UNM UN Equity,3.818,3.96,Financials,,
UNP UN Equity,5.004736842,5.09,Industrials,,
UOB SP Equity,1.866842105,1.86,Financials,,
UPM FH Equity,1.558571429,1.65,Materials,,
UPS UN Equity,5.823125,3.89,Industrials,,
URI UN Equity,6.7425,6.49,Industrials,,
US IM Equity,0.171666667,0.18,Financials,,
USB UN Equity,3.234444444,3.25,Financials,,
UTDI GY Equity,0.853636364,0.88,Information Technology,,
UTHR UW Equity,16.364,16.29,Health Care,,
UTX UN Equity,6.271428571,6.18,Industrials,,
UU/ LN Equity,0.478133333,0.583,Utilities,,
V UN Equity,2.405555556,2.760829,Information Technology,,
VAR UN Equity,4.255,4.22,Health Care,,
VEEV UN Equity,0.316666667,0.41,Health Care,,
VET CT Equity,-1.273333333,-1.38,Energy,,
VFC UN Equity,3.114285714,2.58,Consumer Discretionary,,
VIAB UW Equity,3.550625,3.63,Consumer Discretionary,,
VIE FP Equity,0.978,0.55,Utilities,,
VIFN SE Equity,3.7,3.762,Health Care,,
VII CT Equity,0.4,-0.09,Energy,,
VIV FP Equity,0.958571429,0.99,Consumer Discretionary,,
VLO UN Equity,3.677857143,4.94,Energy,,
VMC UN Equity,2.95,3.15,Materials,,
VNTV UN Equity,1.466666667,1.37,Information Technology,,
VOD LN Equity,-0.028875,-0.2025,Telecommunication Services,,
VOE AV Equity,3.413,3.35,Materials,,
VOLVB SS Equity,6.116153846,6.47,Industrials,,
VOW GY Equity,15.35333333,10.24,Consumer Discretionary,,
VOYA UN Equity,1.0575,-2.13,Financials,,
VPK NA Equity,4.32,4.19,Energy,,
VRSK UW Equity,2.788461538,3.51,Industrials,,
VRSN UW Equity,3.37,4.12,Information Technology,,
VRTX UW Equity,-0.533333333,-0.46,Health Care,,
VRX CT Equity,-6.225555556,-6.94,Health Care,,
VWS DC Equity,4.504615385,4.41,Industrials,,
VZ UN Equity,3.012,3.22,Telecommunication Services,,
WAB UN Equity,3.67,3.37,Industrials,,
WAT UN Equity,6.314285714,6.46,Health Care,,
WBA UW Equity,3.737777778,3.85,Consumer Staples,,
WBC AT Equity,2.261216667,2.246,Financials,,
WBC UN Equity,4.195714286,4,Industrials,,
WCN UN Equity,1.097,1.073333333,Industrials,,
WDAY UW Equity,-1.487,-1.53,Information Technology,,
WDC UW Equity,3.14,1.01,Information Technology,,
WDH DC Equity,5.343888889,5.531754,Health Care,,
WDI GY Equity,2.24,2.16,Information Technology,,
WEC UN Equity,2.944666667,2.98,Utilities,,
WEIR LN Equity,0.247571429,0.178,Industrials,,
WES AT Equity,2.028357143,0.362,Consumer Staples,,
WFC UN Equity,4.025,4.03,Financials,,
WFT CT Equity,3.48,4.06,Materials,,
WG/ LN Equity,0.382857143,0.075,Energy,,
WHR UN Equity,12.34,11.67,Consumer Discretionary,,
WIL SP Equity,0.132857143,0.154,Consumer Staples,,
WKL NA Equity,1.594285714,1.68,Industrials,,
WLTW UW Equity,2.352,3.07,Financials,,
WM UN Equity,2.672857143,2.66,Industrials,,
WMB UN Equity,-0.338,-0.57,Energy,,
WMT UN Equity,4.342,4.58,Consumer Staples,,
WN CT Equity,4.52,3.96,Consumer Staples,,
WOW AT Equity,-0.955816667,-0.977,Consumer Staples,,
WPG LN Equity,0.085836364,0.066,Information Technology,,
WPL AT Equity,1.00625,1.04,Energy,,
WPM CT Equity,0.596,0.45,Materials,,
WPP LN Equity,0.9642,1.096,Consumer Discretionary,,
WR UN Equity,2.452,2.43,Utilities,,
WRB UN Equity,4.47,4.91,Financials,,
WRK UN Equity,-0.3225,-1.56,Materials,,
WRT1V FH Equity,1.740625,1.79,Industrials,,
WTB LN Equity,2.17015,2.1566,Consumer Discretionary,,
WU UN Equity,0.59,0.52,Information Technology,,
WYN UN Equity,5.314,5.56,Consumer Discretionary,,
WYNN UW Equity,1.895,2.39,Consumer Discretionary,,
XEC UN Equity,-4.455,-4.62,Energy,,
XEL UN Equity,2.2,2.21,Utilities,,
XL UN Equity,1.402857143,1.58,Financials,,
XLNX UW Equity,2.026666667,2.14,Information Technology,,
XOM UN Equity,2.159615385,1.88,Energy,,
XRAY UW Equity,1.9525,1.972018,Health Care,,
XRX UN Equity,1.48,-1.96,Information Technology,,
XYL UN Equity,1.776,1.45,Industrials,,
Y UN Equity,30.87,29.6,Financials,,
YAR NO Equity,25.77631579,23.25,Materials,,
YUM UN Equity,2.46,4.11,Consumer Discretionary,,
YZJSGD SP Equity,0.47,0.4573,Industrials,,
ZAL GY Equity,0.551176471,0.49,Consumer Discretionary,,
ZAYO UN Equity,-0.186666667,-0.31,Telecommunication Services,,
ZBH UN Equity,2.07,1.53,Health Care,,
ZC FP Equity,0.501,0.382,Industrials,,
ZION UW Equity,1.928095238,2,Financials,,
ZTS UN Equity,1.768333333,1.66,Health Care,,
ZURN SE Equity,21.60545455,21.51,Financials,,
2330 TT Equity,3.46,3.46,Information Technology,,
2317 TT Equity,1.578,1.39,Information Technology,,
6505 TT Equity,2.045,1.92,Energy,,
2412 TT Equity,1.28,1.13,Telecommunication Services,,
1301 TT Equity,1.744,1.87,Materials,,
1303 TT Equity,1.597,1.7,Materials,,
1326 TT Equity,2.09,2.22,Materials,,
3008 TT Equity,39.488,29.96,Information Technology,,
2881 TT Equity,1.338,#N/A N/A,Financials,,
2454 TT Equity,1.641,1.69,Information Technology,,
2891 TT Equity,0.567,0.63,Financials,,
1216 TT Equity,0.736,0.75,Consumer Staples,,
2327 TT Equity,8.509,12.15,Information Technology,,
3045 TT Equity,1.248,1.28,Telecommunication Services,,
2002 TT Equity,0.264,0.3,Materials,,
2886 TT Equity,0.552,0.56,Financials,,
2912 TT Equity,2.464,2.44,Consumer Staples,,
2308 TT Equity,1.469,1.07,Information Technology,,
2408 TT Equity,2.551,2.39,Information Technology,,
2474 TT Equity,5.684,4.75,Information Technology,,
2892 TT Equity,0.39,0.38,Financials,,
4904 TT Equity,0.804,0.75,Telecommunication Services,,
6488 TT Equity,5.745,6.36,Information Technology,,
2303 TT Equity,0.074,0.28,Information Technology,,
2884 TT Equity,0.43,0.47,Financials,,
2382 TT Equity,0.856,0.71,Information Technology,,
2357 TT Equity,4.279,3.2,Information Technology,,
2880 TT Equity,0.303,0.3,Financials,,
2492 TT Equity,2.71,2.71,Information Technology,,
1101 TT Equity,0.371,0.69,Materials,,
4938 TT Equity,1.167,0.8,Information Technology,,
2801 TT Equity,0.32,0.36,Financials,,
2883 TT Equity,0.213,0.23,Financials,,
2885 TT Equity,0.42,0.48,Financials,,
2207 TT Equity,5.07,4.96,Consumer Discretionary,,
1402 TT Equity,0.398,0.49,Industrials,,
2105 TT Equity,0.526,0.37,Consumer Discretionary,,
2887 TT Equity,0.334,0.34,Financials,,
2395 TT Equity,2.021,1.95,Information Technology,,
5871 TT Equity,2.095,2.4,Financials,,
2633 TT Equity,0.275,0.43,Industrials,,
2409 TT Equity,0.218,0.45,Information Technology,,
2890 TT Equity,0.225,0.24,Financials,,
2888 TT Equity,1.222,1.54,Financials,,
2823 TT Equity,0.435,0.97,Financials,,
3481 TT Equity,0.158,0.3,Information Technology,,
3532 TT Equity,1.17,1.45,Information Technology,,
5347 TT Equity,0.731,0.7,Information Technology,,
1102 TT Equity,0.439,0.6,Materials,,
9904 TT Equity,0.753,0.69,Consumer Discretionary,,
2354 TT Equity,1.82,0.73,Information Technology,,
2049 TT Equity,3.251,4.34,Industrials,,
3105 TT Equity,2.392,1.74,Information Technology,,
1476 TT Equity,3.074,3.25,Consumer Discretionary,,
1590 TT Equity,4.557,4.65,Industrials,,
2377 TT Equity,2.048,2.49,Information Technology,,
2301 TT Equity,0.706,0.45,Information Technology,,
9910 TT Equity,1.27,1.14,Consumer Discretionary,,
3034 TT Equity,1.732,1.51,Information Technology,,
2356 TT Equity,0.388,0.35,Information Technology,,
2324 TT Equity,0.325,0.32,Information Technology,,
2337 TT Equity,1.195,1.06,Information Technology,,
8464 TT Equity,2.722,1.84,Consumer Discretionary,,
1605 TT Equity,1.305,1.17,Industrials,,
2353 TT Equity,0.27,0.23,Information Technology,,
2344 TT Equity,0.457,0.4,Information Technology,,
2347 TT Equity,1.137,1.35,Information Technology,,
3702 TT Equity,0.911,1.04,Information Technology,,
2227 TT Equity,5.005,3.7,Consumer Discretionary,,
5483 TT Equity,1.426,1.23,Information Technology,,
4147 TT Equity,-0.252,0.51,Health Care,,
6456 TT Equity,2.289,1.78,Information Technology,,
6239 TT Equity,1.865,1.66,Information Technology,,
2360 TT Equity,1.425,1.06,Information Technology,,
3231 TT Equity,0.354,0.34,Information Technology,,
2618 TT Equity,0.144,0.34,Industrials,,
6415 TT Equity,5.091,4.72,Information Technology,,
2603 TT Equity,0.036,0.03,Industrials,,
2834 TT Equity,0.28,0.3,Financials,,
1434 TT Equity,0.27,0.17,Consumer Discretionary,,
2379 TT Equity,1.652,1.66,Information Technology,,
1227 TT Equity,0.84,0.82,Consumer Staples,,
4958 TT Equity,1.216,0.47,Information Technology,,
2723 TT Equity,3.567,3.07,Consumer Discretionary,,
2610 TT Equity,0.098,0.01,Industrials,,
2542 TT Equity,1.083,0.97,Real Estate,,
8299 TT Equity,5.504,4.48,Information Technology,,
3406 TT Equity,1.67,1.98,Information Technology,,
9921 TT Equity,1.66,0.69,Consumer Discretionary,,
2345 TT Equity,1.167,0.94,Information Technology,,
2498 TT Equity,32.905,25.7,Information Technology,,
1504 TT Equity,0.275,0.27,Industrials,,
2376 TT Equity,1.398,2.54,Information Technology,,
2313 TT Equity,0.447,0.4,Information Technology,,
3044 TT Equity,1.824,1.57,Information Technology,,
2448 TT Equity,0.235,0.37,Information Technology,,
2456 TT Equity,1.319,1.1,Information Technology,,
1722 TT Equity,0.47,0.43,Materials,,
2352 TT Equity,0.51,0.51,Information Technology,,
6147 TT Equity,0.86,0.58,Information Technology,,
4966 TT Equity,5.236,5.3,Information Technology,,
2059 TT Equity,3.33,3.37,Industrials,,
5903 TT Equity,0.847,1.02,Consumer Staples,,
9917 TT Equity,0.82,1.19,Industrials,,
2204 TT Equity,0.777,0.97,Consumer Discretionary,,
,,,,,
,,,,,
,,,,,
,,,,,
,,,,,
,,,,,
,,,,,
,,,,,
,,,,,
,,,,,
,,,,,
,,,,,
,,,,,
,,,,,
,,,,,
,,,,,
,,,,,
,,,,,
,,,,,
,,,,,
,,,,,
,,,,,
,,,,,
,,,,,
,,,,,
,,,,,
,,,,,
,,,,,
,,,,,
,,,,,
,,,,,
,,,,,
,,,,,
,,,,,
,,,,,
,,,,,
,,,,,
,,,,,
,,,,,
,,,,,
,,,,,
,,,,,
,,,,,
,,,,,
,,,,,
,,,,,
,,,,,
,,,,,
,,,,,
,,,,,
,,,,,
,,,,,
,,,,,
,,,,,
,,,,,
,,,,,
,,,,,
,,,,,
,,,,,
,,,,,
,,,,,
,,,,,
,,,,,
,,,,,
,,,,,
,,,,,
,,,,,
,,,,,
,,,,,
,,,,,
,,,,,
,,,,,
,,,,,
,,,,,
,,,,,
,,,,,
,,,,,
,,,,,
,,,,,
,,,,,
,,,,,
,,,,,
,,,,,
,,,,,
,,,,,
,,,,,
,,,,,
,,,,,
,,,,,
,,,,,
,,,,,
,,,,,
,,,,,
,,,,,
,,,,,
,,,,,
,,,,,
,,,,,
,,,,,
,,,,,
,,,,,
,,,,,
,,,,,
,,,,,
,,,,,
,,,,,
,,,,,
,,,,,
,,,,,
,,,,,
,,,,,
,,,,,
,,,,,
,,,,,
,,,,,
,,,,,
,,,,,
,,,,,
,,,,,
,,,,,
,,,,,
,,,,,
,,,,,
,,,,,
,,,,,
,,,,,
,,,,,
,,,,,
,,,,,
,,,,,
,,,,,
,,,,,
,,,,,
,,,,,
,,,,,
,,,,,
,,,,,
,,,,,
,,,,,
,,,,,
,,,,,
,,,,,
,,,,,
,,,,,
,,,,,
,,,,,
,,,,,
,,,,,
,,,,,
,,,,,
,,,,,
,,,,,
,,,,,
,,,,,
,,,,,
,,,,,
,,,,,
,,,,,
,,,,,
,,,,,
,,,,,
,,,,,
,,,,,
,,,,,
,,,,,
,,,,,
,,,,,
,,,,,
,,,,,
,,,,,
,,,,,
,,,,,
,,,,,
,,,,,
,,,,,
,,,,,
,,,,,
,,,,,
,,,,,
,,,,,
,,,,,
,,,,,
,,,,,
,,,,,
,,,,,
,,,,,
,,,,,
,,,,,
,,,,,
,,,,,
,,,,,
,,,,,
,,,,,
,,,,,
,,,,,
,,,,,
,,,,,
,,,,,
,,,,,
,,,,,
,,,,,
,,,,,
,,,,,
,,,,,
,,,,,
,,,,,
,,,,,
,,,,,
,,,,,
,,,,,
,,,,,
,,,,,
,,,,,
,,,,,
,,,,,
,,,,,
,,,,,
,,,,,
,,,,,
,,,,,
,,,,,
,,,,,
,,,,,
,,,,,
,,,,,
,,,,,
,,,,,
,,,,,
,,,,,
,,,,,
,,,,,
,,,,,
,,,,,
